2026-05-12 08:37:06,019 [INFO] run_bot: Paper account  equity=$99945.71  buying_power=$399782.84
2026-05-12 08:37:06,025 [WARNING] run_bot: === Skipping premarket filters for CNCK ===
2026-05-12 08:37:06,539 [WARNING] run_bot: --skip-entry-signal active — bypassing momentum check
2026-05-12 08:37:06,607 [INFO] run_bot: CNCK: entry signal confirmed — skip_entry_signal_flag
2026-05-12 08:37:06,607 [INFO] run_bot: Position sizing  shares=221  entry=$2.25  stop=$2.15  risk=$22.10  value=$498.35
2026-05-12 08:37:06,673 [INFO] alpaca_client: Market order submitted: buy 221 CNCK — id=b3e1731f-74f7-4dc6-a8d2-34e129ac5a01
2026-05-12 08:37:06,674 [INFO] run_bot: Entry order submitted: id=b3e1731f-74f7-4dc6-a8d2-34e129ac5a01
2026-05-12 08:37:06,675 [INFO] run_bot: Managing stops manually for CNCK — initial stop=$2.15, trail=candle-low
2026-05-12 08:37:06,679 [INFO] trade_logger: ENTRY  CNCK    $2.25 × 221  stop=$2.15
2026-05-12 08:37:06,682 [INFO] monitor: Monitoring CNCK | entry=$2.25  stop=$2.15  trail=candle-low  max_hold=120m
2026-05-12 08:37:08,865 [INFO] monitor: CNCK: targets  T1=$2.35 (1:1, sell 50%)  T2=$2.48 (before $2.50 psych, sell 25%)  T3=candle closes below 9-EMA
2026-05-12 08:37:08,931 [INFO] monitor: CNCK  price=$2.25  stop=$2.15  unrealized=$-1.10  shares=221  elapsed=0m
2026-05-12 08:37:10,128 [INFO] monitor: CNCK  price=$2.25  stop=$2.15  unrealized=$-2.21  shares=221  elapsed=0m
2026-05-12 08:37:11,193 [INFO] monitor: CNCK  price=$2.25  stop=$2.15  unrealized=$-2.21  shares=221  elapsed=0m
2026-05-12 08:37:12,259 [INFO] monitor: CNCK  price=$2.25  stop=$2.15  unrealized=$-2.21  shares=221  elapsed=0m
2026-05-12 08:37:13,336 [INFO] monitor: CNCK  price=$2.25  stop=$2.15  unrealized=$-2.21  shares=221  elapsed=0m
2026-05-12 08:37:14,397 [INFO] monitor: CNCK  price=$2.25  stop=$2.15  unrealized=$-2.19  shares=221  elapsed=0m
2026-05-12 08:37:15,462 [INFO] monitor: CNCK  price=$2.25  stop=$2.15  unrealized=$-1.97  shares=221  elapsed=0m
2026-05-12 08:37:16,568 [INFO] monitor: CNCK  price=$2.25  stop=$2.15  unrealized=$-2.21  shares=221  elapsed=0m
2026-05-12 08:37:17,738 [INFO] monitor: CNCK  price=$2.25  stop=$2.15  unrealized=$-2.17  shares=221  elapsed=0m
2026-05-12 08:37:18,820 [INFO] monitor: CNCK  price=$2.24  stop=$2.15  unrealized=$-4.18  shares=221  elapsed=0m
2026-05-12 08:37:19,899 [INFO] monitor: CNCK  price=$2.18  stop=$2.15  unrealized=$-17.68  shares=221  elapsed=0m
2026-05-12 08:37:20,983 [INFO] monitor: CNCK  price=$2.18  stop=$2.15  unrealized=$-17.68  shares=221  elapsed=0m
2026-05-12 08:37:22,044 [INFO] monitor: CNCK  price=$2.17  stop=$2.15  unrealized=$-19.89  shares=221  elapsed=0m
2026-05-12 08:37:23,104 [INFO] monitor: CNCK  price=$2.18  stop=$2.15  unrealized=$-17.70  shares=221  elapsed=0m
2026-05-12 08:37:24,169 [INFO] monitor: CNCK  price=$2.17  stop=$2.15  unrealized=$-19.87  shares=221  elapsed=0m
2026-05-12 08:37:25,235 [INFO] monitor: CNCK  price=$2.18  stop=$2.15  unrealized=$-17.66  shares=221  elapsed=0m
2026-05-12 08:37:26,297 [INFO] monitor: CNCK  price=$2.18  stop=$2.15  unrealized=$-17.64  shares=221  elapsed=0m
2026-05-12 08:37:27,364 [INFO] monitor: CNCK  price=$2.17  stop=$2.15  unrealized=$-19.89  shares=221  elapsed=0m
2026-05-12 08:37:28,426 [INFO] monitor: CNCK  price=$2.18  stop=$2.15  unrealized=$-17.68  shares=221  elapsed=0m
2026-05-12 08:37:29,494 [INFO] monitor: CNCK  price=$2.17  stop=$2.15  unrealized=$-21.00  shares=221  elapsed=0m
2026-05-12 08:37:30,562 [INFO] monitor: CNCK  price=$2.18  stop=$2.15  unrealized=$-17.68  shares=221  elapsed=0m
2026-05-12 08:37:31,628 [INFO] monitor: CNCK  price=$2.15  stop=$2.15  unrealized=$-24.31  shares=221  elapsed=0m
2026-05-12 08:37:31,629 [WARNING] monitor: CNCK: stop hit  price=$2.15  stop=$2.15 — closing 221 shares
2026-05-12 08:37:31,696 [INFO] alpaca_client: Market order submitted: sell 221 CNCK — id=590b1434-7411-4121-aae1-1fc8dc83ef2a
2026-05-12 08:37:31,761 [INFO] trade_logger: EXIT   CNCK    $2.15  reason=stop_loss               PnL=$-22.10 (-4.4%)
2026-05-12 08:37:46,896 [INFO] run_bot: Paper account  equity=$99921.40  buying_power=$399782.84
2026-05-12 08:37:46,896 [WARNING] run_bot: === Skipping premarket filters for CNCK ===
2026-05-12 08:37:47,435 [WARNING] run_bot: --skip-entry-signal active — bypassing momentum check
2026-05-12 08:37:47,504 [INFO] run_bot: CNCK: entry signal confirmed — skip_entry_signal_flag
2026-05-12 08:37:47,505 [INFO] run_bot: Position sizing  shares=229  entry=$2.18  stop=$2.08  risk=$22.90  value=$499.22
2026-05-12 08:37:47,573 [INFO] alpaca_client: Market order submitted: buy 229 CNCK — id=2859aef4-c076-4e27-82d0-537a58416351
2026-05-12 08:37:47,574 [INFO] run_bot: Entry order submitted: id=2859aef4-c076-4e27-82d0-537a58416351
2026-05-12 08:37:47,575 [INFO] run_bot: Managing stops manually for CNCK — initial stop=$2.08, trail=candle-low
2026-05-12 08:37:47,577 [INFO] trade_logger: ENTRY  CNCK    $2.18 × 229  stop=$2.08
2026-05-12 08:37:47,578 [INFO] monitor: Monitoring CNCK | entry=$2.18  stop=$2.08  trail=candle-low  max_hold=120m
2026-05-12 08:37:48,703 [INFO] monitor: CNCK: targets  T1=$2.28 (1:1, sell 50%)  T2=$2.48 (before $2.50 psych, sell 25%)  T3=candle closes below 9-EMA
2026-05-12 08:37:48,772 [INFO] monitor: CNCK  price=$2.18  stop=$2.08  unrealized=$-2.29  shares=229  elapsed=0m
2026-05-12 08:37:49,944 [INFO] monitor: CNCK  price=$2.18  stop=$2.08  unrealized=$-1.95  shares=229  elapsed=0m
2026-05-12 08:37:51,016 [INFO] monitor: CNCK  price=$2.18  stop=$2.08  unrealized=$-2.29  shares=229  elapsed=0m
2026-05-12 08:37:52,085 [INFO] monitor: CNCK  price=$2.19  stop=$2.08  unrealized=$-1.15  shares=229  elapsed=0m
2026-05-12 08:37:53,145 [INFO] monitor: CNCK  price=$2.18  stop=$2.08  unrealized=$-2.29  shares=229  elapsed=0m
2026-05-12 08:37:54,205 [INFO] monitor: CNCK  price=$2.18  stop=$2.08  unrealized=$-2.27  shares=229  elapsed=0m
2026-05-12 08:37:55,268 [INFO] monitor: CNCK  price=$2.18  stop=$2.08  unrealized=$-2.27  shares=229  elapsed=0m
2026-05-12 08:37:56,330 [INFO] monitor: CNCK  price=$2.19  stop=$2.08  unrealized=$-1.15  shares=229  elapsed=0m
2026-05-12 08:37:57,391 [INFO] monitor: CNCK  price=$2.17  stop=$2.08  unrealized=$-4.58  shares=229  elapsed=0m
2026-05-12 08:37:58,453 [INFO] monitor: CNCK  price=$2.17  stop=$2.08  unrealized=$-3.92  shares=229  elapsed=0m
2026-05-12 08:37:59,548 [INFO] monitor: CNCK  price=$2.18  stop=$2.08  unrealized=$-3.25  shares=229  elapsed=0m
2026-05-12 08:38:00,632 [INFO] monitor: CNCK  price=$2.18  stop=$2.08  unrealized=$-2.29  shares=229  elapsed=0m
2026-05-12 08:38:01,782 [INFO] monitor: CNCK  price=$2.17  stop=$2.08  unrealized=$-4.58  shares=229  elapsed=0m
2026-05-12 08:38:02,847 [INFO] monitor: CNCK  price=$2.17  stop=$2.08  unrealized=$-4.58  shares=229  elapsed=0m
2026-05-12 08:38:03,910 [INFO] monitor: CNCK  price=$2.17  stop=$2.08  unrealized=$-4.58  shares=229  elapsed=0m
2026-05-12 08:38:04,978 [INFO] monitor: CNCK  price=$2.18  stop=$2.08  unrealized=$-2.29  shares=229  elapsed=0m
2026-05-12 08:38:06,039 [INFO] monitor: CNCK  price=$2.17  stop=$2.08  unrealized=$-4.58  shares=229  elapsed=0m
2026-05-12 08:38:07,111 [INFO] monitor: CNCK  price=$2.17  stop=$2.08  unrealized=$-3.44  shares=229  elapsed=0m
2026-05-12 08:38:08,178 [INFO] monitor: CNCK  price=$2.18  stop=$2.08  unrealized=$-2.29  shares=229  elapsed=0m
2026-05-12 08:38:09,240 [INFO] monitor: CNCK  price=$2.17  stop=$2.08  unrealized=$-4.58  shares=229  elapsed=0m
2026-05-12 08:38:10,305 [INFO] monitor: CNCK  price=$2.17  stop=$2.08  unrealized=$-3.44  shares=229  elapsed=0m
2026-05-12 08:38:11,371 [INFO] monitor: CNCK  price=$2.19  stop=$2.08  unrealized=$-1.15  shares=229  elapsed=0m
2026-05-12 08:38:12,435 [INFO] monitor: CNCK  price=$2.18  stop=$2.08  unrealized=$-2.29  shares=229  elapsed=0m
2026-05-12 08:38:13,504 [INFO] monitor: CNCK  price=$2.17  stop=$2.08  unrealized=$-3.44  shares=229  elapsed=0m
2026-05-12 08:38:14,565 [INFO] monitor: CNCK  price=$2.17  stop=$2.08  unrealized=$-3.44  shares=229  elapsed=0m
2026-05-12 08:38:15,626 [INFO] monitor: CNCK  price=$2.17  stop=$2.08  unrealized=$-3.53  shares=229  elapsed=0m
2026-05-12 08:38:16,690 [INFO] monitor: CNCK  price=$2.17  stop=$2.08  unrealized=$-3.53  shares=229  elapsed=0m
2026-05-12 08:38:17,753 [INFO] monitor: CNCK  price=$2.17  stop=$2.08  unrealized=$-4.51  shares=229  elapsed=1m
2026-05-12 08:38:18,815 [INFO] monitor: CNCK  price=$2.17  stop=$2.08  unrealized=$-4.58  shares=229  elapsed=1m
2026-05-12 08:38:19,876 [INFO] monitor: CNCK  price=$2.17  stop=$2.08  unrealized=$-4.03  shares=229  elapsed=1m
2026-05-12 08:38:20,936 [INFO] monitor: CNCK  price=$2.18  stop=$2.08  unrealized=$-2.79  shares=229  elapsed=1m
2026-05-12 08:38:21,997 [INFO] monitor: CNCK  price=$2.17  stop=$2.08  unrealized=$-4.51  shares=229  elapsed=1m
2026-05-12 08:38:23,061 [INFO] monitor: CNCK  price=$2.17  stop=$2.08  unrealized=$-4.01  shares=229  elapsed=1m
2026-05-12 08:38:24,125 [INFO] monitor: CNCK  price=$2.17  stop=$2.08  unrealized=$-4.01  shares=229  elapsed=1m
2026-05-12 08:38:25,192 [INFO] monitor: CNCK  price=$2.17  stop=$2.08  unrealized=$-4.01  shares=229  elapsed=1m
2026-05-12 08:38:26,260 [INFO] monitor: CNCK  price=$2.17  stop=$2.08  unrealized=$-3.44  shares=229  elapsed=1m
2026-05-12 08:38:27,324 [INFO] monitor: CNCK  price=$2.17  stop=$2.08  unrealized=$-3.66  shares=229  elapsed=1m
2026-05-12 08:38:28,386 [INFO] monitor: CNCK  price=$2.17  stop=$2.08  unrealized=$-3.66  shares=229  elapsed=1m
2026-05-12 08:38:29,452 [INFO] monitor: CNCK  price=$2.17  stop=$2.08  unrealized=$-3.44  shares=229  elapsed=1m
2026-05-12 08:38:30,516 [INFO] monitor: CNCK  price=$2.19  stop=$2.08  unrealized=$+1.15  shares=229  elapsed=1m
2026-05-12 08:38:31,577 [INFO] monitor: CNCK  price=$2.19  stop=$2.08  unrealized=$+0.25  shares=229  elapsed=1m
2026-05-12 08:38:32,640 [INFO] monitor: CNCK  price=$2.20  stop=$2.08  unrealized=$+2.29  shares=229  elapsed=1m
2026-05-12 08:38:33,700 [INFO] monitor: CNCK  price=$2.20  stop=$2.08  unrealized=$+1.28  shares=229  elapsed=1m
2026-05-12 08:38:34,765 [INFO] monitor: CNCK  price=$2.20  stop=$2.08  unrealized=$+2.29  shares=229  elapsed=1m
2026-05-12 08:38:35,828 [INFO] monitor: CNCK  price=$2.19  stop=$2.08  unrealized=$+1.15  shares=229  elapsed=1m
2026-05-12 08:38:36,889 [INFO] monitor: CNCK  price=$2.19  stop=$2.08  unrealized=$+0.57  shares=229  elapsed=1m
2026-05-12 08:38:37,948 [INFO] monitor: CNCK  price=$2.20  stop=$2.08  unrealized=$+1.88  shares=229  elapsed=1m
2026-05-12 08:38:39,010 [INFO] monitor: CNCK  price=$2.20  stop=$2.08  unrealized=$+1.81  shares=229  elapsed=1m
2026-05-12 08:38:40,073 [INFO] monitor: CNCK  price=$2.19  stop=$2.08  unrealized=$+1.15  shares=229  elapsed=1m
2026-05-12 08:38:41,138 [INFO] monitor: CNCK  price=$2.19  stop=$2.08  unrealized=$+1.15  shares=229  elapsed=1m
2026-05-12 08:38:42,197 [INFO] monitor: CNCK  price=$2.19  stop=$2.08  unrealized=$+1.15  shares=229  elapsed=1m
2026-05-12 08:38:43,266 [INFO] monitor: CNCK  price=$2.19  stop=$2.08  unrealized=$+1.15  shares=229  elapsed=1m
2026-05-12 08:38:44,325 [INFO] monitor: CNCK  price=$2.19  stop=$2.08  unrealized=$+0.46  shares=229  elapsed=1m
2026-05-12 08:38:45,389 [INFO] monitor: CNCK  price=$2.19  stop=$2.08  unrealized=$+0.46  shares=229  elapsed=1m
2026-05-12 08:38:46,477 [INFO] monitor: CNCK  price=$2.19  stop=$2.08  unrealized=$+1.15  shares=229  elapsed=1m
2026-05-12 08:38:47,540 [INFO] monitor: CNCK  price=$2.19  stop=$2.08  unrealized=$+0.41  shares=229  elapsed=1m
2026-05-12 08:38:48,602 [INFO] monitor: CNCK  price=$2.19  stop=$2.08  unrealized=$+0.02  shares=229  elapsed=1m
2026-05-12 08:38:49,664 [INFO] monitor: CNCK  price=$2.19  stop=$2.08  unrealized=$+0.02  shares=229  elapsed=1m
2026-05-12 08:38:50,727 [INFO] monitor: CNCK  price=$2.19  stop=$2.08  unrealized=$+0.00  shares=229  elapsed=1m
2026-05-12 08:38:51,786 [INFO] monitor: CNCK  price=$2.19  stop=$2.08  unrealized=$+0.00  shares=229  elapsed=1m
2026-05-12 08:38:52,850 [INFO] monitor: CNCK  price=$2.20  stop=$2.08  unrealized=$+2.24  shares=229  elapsed=1m
2026-05-12 08:38:53,924 [INFO] monitor: CNCK  price=$2.19  stop=$2.08  unrealized=$+0.14  shares=229  elapsed=1m
2026-05-12 08:38:54,988 [INFO] monitor: CNCK  price=$2.19  stop=$2.08  unrealized=$+1.15  shares=229  elapsed=1m
2026-05-12 08:38:56,052 [INFO] monitor: CNCK  price=$2.19  stop=$2.08  unrealized=$+1.15  shares=229  elapsed=1m
2026-05-12 08:38:57,117 [INFO] monitor: CNCK  price=$2.19  stop=$2.08  unrealized=$+1.15  shares=229  elapsed=1m
2026-05-12 08:38:58,180 [INFO] monitor: CNCK  price=$2.20  stop=$2.08  unrealized=$+2.29  shares=229  elapsed=1m
2026-05-12 08:38:59,256 [INFO] monitor: CNCK  price=$2.19  stop=$2.08  unrealized=$+1.15  shares=229  elapsed=1m
2026-05-12 08:39:00,330 [INFO] monitor: CNCK  price=$2.22  stop=$2.08  unrealized=$+6.89  shares=229  elapsed=1m
2026-05-12 08:39:01,472 [INFO] monitor: CNCK  price=$2.26  stop=$2.08  unrealized=$+16.03  shares=229  elapsed=1m
2026-05-12 08:39:02,533 [INFO] monitor: CNCK  price=$2.25  stop=$2.08  unrealized=$+13.74  shares=229  elapsed=1m
2026-05-12 08:39:03,595 [INFO] monitor: CNCK  price=$2.25  stop=$2.08  unrealized=$+13.74  shares=229  elapsed=1m
2026-05-12 08:39:04,665 [INFO] monitor: CNCK  price=$2.27  stop=$2.08  unrealized=$+18.32  shares=229  elapsed=1m
2026-05-12 08:39:05,727 [INFO] monitor: CNCK  price=$2.27  stop=$2.08  unrealized=$+18.32  shares=229  elapsed=1m
2026-05-12 08:39:06,798 [INFO] monitor: CNCK  price=$2.26  stop=$2.08  unrealized=$+16.14  shares=229  elapsed=1m
2026-05-12 08:39:07,865 [INFO] monitor: CNCK  price=$2.26  stop=$2.08  unrealized=$+16.03  shares=229  elapsed=1m
2026-05-12 08:39:08,934 [INFO] monitor: CNCK  price=$2.25  stop=$2.08  unrealized=$+13.74  shares=229  elapsed=1m
2026-05-12 08:39:09,994 [INFO] monitor: CNCK  price=$2.25  stop=$2.08  unrealized=$+14.88  shares=229  elapsed=1m
2026-05-12 08:39:11,087 [INFO] monitor: CNCK  price=$2.25  stop=$2.08  unrealized=$+14.88  shares=229  elapsed=1m
2026-05-12 08:39:12,165 [INFO] monitor: CNCK  price=$2.25  stop=$2.08  unrealized=$+13.74  shares=229  elapsed=1m
2026-05-12 08:39:13,231 [INFO] monitor: CNCK  price=$2.25  stop=$2.08  unrealized=$+13.74  shares=229  elapsed=1m
2026-05-12 08:39:14,302 [INFO] monitor: CNCK  price=$2.25  stop=$2.08  unrealized=$+13.72  shares=229  elapsed=1m
2026-05-12 08:39:15,415 [INFO] monitor: CNCK  price=$2.23  stop=$2.08  unrealized=$+9.18  shares=229  elapsed=1m
2026-05-12 08:39:16,486 [INFO] monitor: CNCK  price=$2.23  stop=$2.08  unrealized=$+9.16  shares=229  elapsed=1m
2026-05-12 08:39:17,547 [INFO] monitor: CNCK  price=$2.23  stop=$2.08  unrealized=$+9.16  shares=229  elapsed=1m
2026-05-12 08:39:18,608 [INFO] monitor: CNCK  price=$2.23  stop=$2.08  unrealized=$+9.16  shares=229  elapsed=2m
2026-05-12 08:39:19,668 [INFO] monitor: CNCK  price=$2.23  stop=$2.08  unrealized=$+9.16  shares=229  elapsed=2m
2026-05-12 08:39:20,731 [INFO] monitor: CNCK  price=$2.24  stop=$2.08  unrealized=$+11.43  shares=229  elapsed=2m
2026-05-12 08:39:21,794 [INFO] monitor: CNCK  price=$2.23  stop=$2.08  unrealized=$+10.30  shares=229  elapsed=2m
2026-05-12 08:39:22,857 [INFO] monitor: CNCK  price=$2.24  stop=$2.08  unrealized=$+11.45  shares=229  elapsed=2m
2026-05-12 08:39:23,919 [INFO] monitor: CNCK  price=$2.23  stop=$2.08  unrealized=$+10.30  shares=229  elapsed=2m
2026-05-12 08:39:24,981 [INFO] monitor: CNCK  price=$2.23  stop=$2.08  unrealized=$+10.30  shares=229  elapsed=2m
2026-05-12 08:39:26,053 [INFO] monitor: CNCK  price=$2.24  stop=$2.08  unrealized=$+11.45  shares=229  elapsed=2m
2026-05-12 08:39:27,122 [INFO] monitor: CNCK  price=$2.25  stop=$2.08  unrealized=$+12.60  shares=229  elapsed=2m
2026-05-12 08:39:28,189 [INFO] monitor: CNCK  price=$2.25  stop=$2.08  unrealized=$+12.60  shares=229  elapsed=2m
2026-05-12 08:39:29,252 [INFO] monitor: CNCK  price=$2.25  stop=$2.08  unrealized=$+13.74  shares=229  elapsed=2m
2026-05-12 08:39:30,314 [INFO] monitor: CNCK  price=$2.25  stop=$2.08  unrealized=$+12.60  shares=229  elapsed=2m
2026-05-12 08:39:31,377 [INFO] monitor: CNCK  price=$2.24  stop=$2.08  unrealized=$+11.45  shares=229  elapsed=2m
2026-05-12 08:39:32,439 [INFO] monitor: CNCK  price=$2.25  stop=$2.08  unrealized=$+13.72  shares=229  elapsed=2m
2026-05-12 08:39:33,515 [INFO] monitor: CNCK  price=$2.24  stop=$2.08  unrealized=$+11.45  shares=229  elapsed=2m
2026-05-12 08:39:34,579 [INFO] monitor: CNCK  price=$2.23  stop=$2.08  unrealized=$+9.16  shares=229  elapsed=2m
2026-05-12 08:39:35,646 [INFO] monitor: CNCK  price=$2.23  stop=$2.08  unrealized=$+9.16  shares=229  elapsed=2m
2026-05-12 08:39:36,710 [INFO] monitor: CNCK  price=$2.23  stop=$2.08  unrealized=$+9.21  shares=229  elapsed=2m
2026-05-12 08:39:37,772 [INFO] monitor: CNCK  price=$2.24  stop=$2.08  unrealized=$+11.45  shares=229  elapsed=2m
2026-05-12 08:39:38,833 [INFO] monitor: CNCK  price=$2.24  stop=$2.08  unrealized=$+11.45  shares=229  elapsed=2m
2026-05-12 08:39:39,894 [INFO] monitor: CNCK  price=$2.23  stop=$2.08  unrealized=$+10.30  shares=229  elapsed=2m
2026-05-12 08:39:40,961 [INFO] monitor: CNCK  price=$2.23  stop=$2.08  unrealized=$+10.30  shares=229  elapsed=2m
2026-05-12 08:39:42,040 [INFO] monitor: CNCK  price=$2.23  stop=$2.08  unrealized=$+10.30  shares=229  elapsed=2m
2026-05-12 08:39:43,113 [INFO] monitor: CNCK  price=$2.23  stop=$2.08  unrealized=$+10.30  shares=229  elapsed=2m
2026-05-12 08:39:44,177 [INFO] monitor: CNCK  price=$2.23  stop=$2.08  unrealized=$+10.30  shares=229  elapsed=2m
2026-05-12 08:39:45,247 [INFO] monitor: CNCK  price=$2.23  stop=$2.08  unrealized=$+9.18  shares=229  elapsed=2m
2026-05-12 08:39:46,315 [INFO] monitor: CNCK  price=$2.23  stop=$2.08  unrealized=$+9.18  shares=229  elapsed=2m
2026-05-12 08:39:47,382 [INFO] monitor: CNCK  price=$2.23  stop=$2.08  unrealized=$+9.18  shares=229  elapsed=2m
2026-05-12 08:39:48,460 [INFO] monitor: CNCK  price=$2.23  stop=$2.08  unrealized=$+9.55  shares=229  elapsed=2m
2026-05-12 08:39:49,524 [INFO] monitor: CNCK  price=$2.23  stop=$2.08  unrealized=$+9.55  shares=229  elapsed=2m
2026-05-12 08:39:50,605 [INFO] monitor: CNCK  price=$2.23  stop=$2.08  unrealized=$+9.55  shares=229  elapsed=2m
2026-05-12 08:39:51,690 [INFO] monitor: CNCK  price=$2.23  stop=$2.08  unrealized=$+9.16  shares=229  elapsed=2m
2026-05-12 08:39:52,756 [INFO] monitor: CNCK  price=$2.24  stop=$2.08  unrealized=$+11.31  shares=229  elapsed=2m
2026-05-12 08:39:53,821 [INFO] monitor: CNCK  price=$2.24  stop=$2.08  unrealized=$+11.31  shares=229  elapsed=2m
2026-05-12 08:39:54,897 [INFO] monitor: CNCK  price=$2.23  stop=$2.08  unrealized=$+10.30  shares=229  elapsed=2m
2026-05-12 08:39:55,962 [INFO] monitor: CNCK  price=$2.23  stop=$2.08  unrealized=$+10.30  shares=229  elapsed=2m
2026-05-12 08:39:57,035 [INFO] monitor: CNCK  price=$2.23  stop=$2.08  unrealized=$+9.16  shares=229  elapsed=2m
2026-05-12 08:39:58,098 [INFO] monitor: CNCK  price=$2.23  stop=$2.08  unrealized=$+8.02  shares=229  elapsed=2m
2026-05-12 08:39:59,184 [INFO] monitor: CNCK  price=$2.22  stop=$2.08  unrealized=$+7.05  shares=229  elapsed=2m
2026-05-12 08:40:00,255 [INFO] monitor: CNCK  price=$2.20  stop=$2.08  unrealized=$+2.36  shares=229  elapsed=2m
2026-05-12 08:40:01,410 [INFO] monitor: CNCK  price=$2.20  stop=$2.08  unrealized=$+2.31  shares=229  elapsed=2m
2026-05-12 08:40:02,489 [INFO] monitor: CNCK  price=$2.20  stop=$2.08  unrealized=$+2.29  shares=229  elapsed=2m
2026-05-12 08:40:03,557 [INFO] monitor: CNCK  price=$2.21  stop=$2.08  unrealized=$+4.58  shares=229  elapsed=2m
2026-05-12 08:40:04,646 [INFO] monitor: CNCK  price=$2.20  stop=$2.08  unrealized=$+2.84  shares=229  elapsed=2m
2026-05-12 08:40:05,709 [INFO] monitor: CNCK  price=$2.21  stop=$2.08  unrealized=$+4.58  shares=229  elapsed=2m
2026-05-12 08:40:06,789 [INFO] monitor: CNCK  price=$2.21  stop=$2.08  unrealized=$+4.56  shares=229  elapsed=2m
2026-05-12 08:40:07,861 [INFO] monitor: CNCK  price=$2.20  stop=$2.08  unrealized=$+2.77  shares=229  elapsed=2m
2026-05-12 08:40:08,940 [INFO] monitor: CNCK  price=$2.20  stop=$2.08  unrealized=$+2.77  shares=229  elapsed=2m
2026-05-12 08:40:10,005 [INFO] monitor: CNCK  price=$2.20  stop=$2.08  unrealized=$+2.70  shares=229  elapsed=2m
2026-05-12 08:40:11,071 [INFO] monitor: CNCK  price=$2.20  stop=$2.08  unrealized=$+3.21  shares=229  elapsed=2m
2026-05-12 08:40:12,144 [INFO] monitor: CNCK  price=$2.20  stop=$2.08  unrealized=$+2.31  shares=229  elapsed=2m
2026-05-12 08:40:13,220 [INFO] monitor: CNCK  price=$2.21  stop=$2.08  unrealized=$+4.58  shares=229  elapsed=2m
2026-05-12 08:40:14,286 [INFO] monitor: CNCK  price=$2.20  stop=$2.08  unrealized=$+2.29  shares=229  elapsed=2m
2026-05-12 08:40:15,353 [INFO] monitor: CNCK  price=$2.20  stop=$2.08  unrealized=$+2.29  shares=229  elapsed=2m
2026-05-12 08:40:16,420 [INFO] monitor: CNCK  price=$2.19  stop=$2.08  unrealized=$+1.15  shares=229  elapsed=2m
2026-05-12 08:40:17,499 [INFO] monitor: CNCK  price=$2.19  stop=$2.08  unrealized=$+1.15  shares=229  elapsed=2m
2026-05-12 08:40:18,573 [INFO] monitor: CNCK  price=$2.19  stop=$2.08  unrealized=$+1.15  shares=229  elapsed=3m
2026-05-12 08:40:19,669 [INFO] monitor: CNCK  price=$2.19  stop=$2.08  unrealized=$+0.44  shares=229  elapsed=3m
2026-05-12 08:40:20,737 [INFO] monitor: CNCK  price=$2.19  stop=$2.08  unrealized=$+0.00  shares=229  elapsed=3m
2026-05-12 08:40:21,800 [INFO] monitor: CNCK  price=$2.19  stop=$2.08  unrealized=$+0.00  shares=229  elapsed=3m
2026-05-12 08:40:22,863 [INFO] monitor: CNCK  price=$2.20  stop=$2.08  unrealized=$+1.83  shares=229  elapsed=3m
2026-05-12 08:40:23,926 [INFO] monitor: CNCK  price=$2.19  stop=$2.08  unrealized=$+0.50  shares=229  elapsed=3m
2026-05-12 08:40:24,989 [INFO] monitor: CNCK  price=$2.19  stop=$2.08  unrealized=$+0.00  shares=229  elapsed=3m
2026-05-12 08:40:26,052 [INFO] monitor: CNCK  price=$2.19  stop=$2.08  unrealized=$+0.00  shares=229  elapsed=3m
2026-05-12 08:40:27,113 [INFO] monitor: CNCK  price=$2.19  stop=$2.08  unrealized=$+0.00  shares=229  elapsed=3m
2026-05-12 08:40:28,177 [INFO] monitor: CNCK  price=$2.18  stop=$2.08  unrealized=$-2.29  shares=229  elapsed=3m
2026-05-12 08:40:29,248 [INFO] monitor: CNCK  price=$2.19  stop=$2.08  unrealized=$-1.15  shares=229  elapsed=3m
2026-05-12 08:40:30,322 [INFO] monitor: CNCK  price=$2.19  stop=$2.08  unrealized=$-1.15  shares=229  elapsed=3m
2026-05-12 08:40:31,398 [INFO] monitor: CNCK  price=$2.19  stop=$2.08  unrealized=$-0.21  shares=229  elapsed=3m
2026-05-12 08:40:32,464 [INFO] monitor: CNCK  price=$2.18  stop=$2.08  unrealized=$-2.29  shares=229  elapsed=3m
2026-05-12 08:40:33,536 [INFO] monitor: CNCK  price=$2.19  stop=$2.08  unrealized=$+0.00  shares=229  elapsed=3m
2026-05-12 08:40:34,602 [INFO] monitor: CNCK  price=$2.18  stop=$2.08  unrealized=$-2.29  shares=229  elapsed=3m
2026-05-12 08:40:35,673 [INFO] monitor: CNCK  price=$2.18  stop=$2.08  unrealized=$-2.29  shares=229  elapsed=3m
2026-05-12 08:40:36,736 [INFO] monitor: CNCK  price=$2.17  stop=$2.08  unrealized=$-3.44  shares=229  elapsed=3m
2026-05-12 08:40:37,801 [INFO] monitor: CNCK  price=$2.16  stop=$2.08  unrealized=$-6.30  shares=229  elapsed=3m
2026-05-12 08:40:38,863 [INFO] monitor: CNCK  price=$2.15  stop=$2.08  unrealized=$-9.14  shares=229  elapsed=3m
2026-05-12 08:40:39,932 [INFO] monitor: CNCK  price=$2.16  stop=$2.08  unrealized=$-6.87  shares=229  elapsed=3m
2026-05-12 08:40:40,998 [INFO] monitor: CNCK  price=$2.16  stop=$2.08  unrealized=$-6.85  shares=229  elapsed=3m
2026-05-12 08:40:42,063 [INFO] monitor: CNCK  price=$2.17  stop=$2.08  unrealized=$-5.52  shares=229  elapsed=3m
2026-05-12 08:40:43,139 [INFO] monitor: CNCK  price=$2.18  stop=$2.08  unrealized=$-2.31  shares=229  elapsed=3m
2026-05-12 08:40:44,203 [INFO] monitor: CNCK  price=$2.17  stop=$2.08  unrealized=$-4.58  shares=229  elapsed=3m
2026-05-12 08:40:45,266 [INFO] monitor: CNCK  price=$2.17  stop=$2.08  unrealized=$-4.58  shares=229  elapsed=3m
2026-05-12 08:40:46,333 [INFO] monitor: CNCK  price=$2.17  stop=$2.08  unrealized=$-3.44  shares=229  elapsed=3m
2026-05-12 08:40:47,401 [INFO] monitor: CNCK  price=$2.17  stop=$2.08  unrealized=$-4.56  shares=229  elapsed=3m
2026-05-12 08:40:48,468 [INFO] monitor: CNCK  price=$2.17  stop=$2.08  unrealized=$-3.44  shares=229  elapsed=3m
2026-05-12 08:40:49,533 [INFO] monitor: CNCK  price=$2.17  stop=$2.08  unrealized=$-3.44  shares=229  elapsed=3m
2026-05-12 08:40:50,599 [INFO] monitor: CNCK  price=$2.17  stop=$2.08  unrealized=$-3.44  shares=229  elapsed=3m
2026-05-12 08:40:51,662 [INFO] monitor: CNCK  price=$2.17  stop=$2.08  unrealized=$-4.58  shares=229  elapsed=3m
2026-05-12 08:40:52,731 [INFO] monitor: CNCK  price=$2.17  stop=$2.08  unrealized=$-4.97  shares=229  elapsed=3m
2026-05-12 08:40:53,804 [INFO] monitor: CNCK  price=$2.16  stop=$2.08  unrealized=$-6.18  shares=229  elapsed=3m
2026-05-12 08:40:54,882 [INFO] monitor: CNCK  price=$2.16  stop=$2.08  unrealized=$-6.87  shares=229  elapsed=3m
2026-05-12 08:40:55,956 [INFO] monitor: CNCK  price=$2.16  stop=$2.08  unrealized=$-6.87  shares=229  elapsed=3m
2026-05-12 08:40:57,033 [INFO] monitor: CNCK  price=$2.16  stop=$2.08  unrealized=$-6.89  shares=229  elapsed=3m
2026-05-12 08:40:58,101 [INFO] monitor: CNCK  price=$2.15  stop=$2.08  unrealized=$-9.16  shares=229  elapsed=3m
2026-05-12 08:40:59,174 [INFO] monitor: CNCK  price=$2.14  stop=$2.08  unrealized=$-11.45  shares=229  elapsed=3m
2026-05-12 08:41:00,249 [INFO] monitor: CNCK  price=$2.14  stop=$2.08  unrealized=$-10.90  shares=229  elapsed=3m
2026-05-12 08:41:01,392 [INFO] monitor: CNCK  price=$2.15  stop=$2.08  unrealized=$-9.30  shares=229  elapsed=3m
2026-05-12 08:41:02,457 [INFO] monitor: CNCK  price=$2.14  stop=$2.08  unrealized=$-11.45  shares=229  elapsed=3m
2026-05-12 08:41:03,521 [INFO] monitor: CNCK  price=$2.14  stop=$2.08  unrealized=$-10.90  shares=229  elapsed=3m
2026-05-12 08:41:04,586 [INFO] monitor: CNCK  price=$2.14  stop=$2.08  unrealized=$-10.72  shares=229  elapsed=3m
2026-05-12 08:41:05,648 [INFO] monitor: CNCK  price=$2.14  stop=$2.08  unrealized=$-10.49  shares=229  elapsed=3m
2026-05-12 08:41:06,713 [INFO] monitor: CNCK  price=$2.15  stop=$2.08  unrealized=$-9.16  shares=229  elapsed=3m
2026-05-12 08:41:07,777 [INFO] monitor: CNCK  price=$2.15  stop=$2.08  unrealized=$-9.16  shares=229  elapsed=3m
2026-05-12 08:41:08,842 [INFO] monitor: CNCK  price=$2.15  stop=$2.08  unrealized=$-9.16  shares=229  elapsed=3m
2026-05-12 08:41:09,904 [INFO] monitor: CNCK  price=$2.14  stop=$2.08  unrealized=$-11.45  shares=229  elapsed=3m
2026-05-12 08:41:10,971 [INFO] monitor: CNCK  price=$2.15  stop=$2.08  unrealized=$-9.18  shares=229  elapsed=3m
2026-05-12 08:41:12,039 [INFO] monitor: CNCK  price=$2.14  stop=$2.08  unrealized=$-10.95  shares=229  elapsed=3m
2026-05-12 08:41:13,112 [INFO] monitor: CNCK  price=$2.14  stop=$2.08  unrealized=$-11.40  shares=229  elapsed=3m
2026-05-12 08:41:14,226 [INFO] monitor: CNCK  price=$2.14  stop=$2.08  unrealized=$-11.45  shares=229  elapsed=3m
2026-05-12 08:41:15,291 [INFO] monitor: CNCK  price=$2.14  stop=$2.08  unrealized=$-11.45  shares=229  elapsed=3m
2026-05-12 08:41:16,352 [INFO] monitor: CNCK  price=$2.14  stop=$2.08  unrealized=$-11.45  shares=229  elapsed=3m
2026-05-12 08:41:17,415 [INFO] monitor: CNCK  price=$2.13  stop=$2.08  unrealized=$-13.24  shares=229  elapsed=3m
2026-05-12 08:41:18,478 [INFO] monitor: CNCK  price=$2.13  stop=$2.08  unrealized=$-13.24  shares=229  elapsed=4m
2026-05-12 08:41:19,543 [INFO] monitor: CNCK  price=$2.13  stop=$2.08  unrealized=$-13.24  shares=229  elapsed=4m
2026-05-12 08:41:20,610 [INFO] monitor: CNCK  price=$2.13  stop=$2.08  unrealized=$-13.74  shares=229  elapsed=4m
2026-05-12 08:41:21,688 [INFO] monitor: CNCK  price=$2.13  stop=$2.08  unrealized=$-13.26  shares=229  elapsed=4m
2026-05-12 08:41:22,752 [INFO] monitor: CNCK  price=$2.13  stop=$2.08  unrealized=$-13.74  shares=229  elapsed=4m
2026-05-12 08:41:23,815 [INFO] monitor: CNCK  price=$2.12  stop=$2.08  unrealized=$-16.03  shares=229  elapsed=4m
2026-05-12 08:41:24,883 [INFO] monitor: CNCK  price=$2.12  stop=$2.08  unrealized=$-14.88  shares=229  elapsed=4m
2026-05-12 08:41:25,947 [INFO] monitor: CNCK  price=$2.13  stop=$2.08  unrealized=$-13.74  shares=229  elapsed=4m
2026-05-12 08:41:27,020 [INFO] monitor: CNCK  price=$2.13  stop=$2.08  unrealized=$-13.74  shares=229  elapsed=4m
2026-05-12 08:41:28,090 [INFO] monitor: CNCK  price=$2.13  stop=$2.08  unrealized=$-13.72  shares=229  elapsed=4m
2026-05-12 08:41:29,159 [INFO] monitor: CNCK  price=$2.13  stop=$2.08  unrealized=$-13.74  shares=229  elapsed=4m
2026-05-12 08:41:30,223 [INFO] monitor: CNCK  price=$2.13  stop=$2.08  unrealized=$-13.72  shares=229  elapsed=4m
2026-05-12 08:41:31,289 [INFO] monitor: CNCK  price=$2.14  stop=$2.08  unrealized=$-11.45  shares=229  elapsed=4m
2026-05-12 08:41:32,350 [INFO] monitor: CNCK  price=$2.14  stop=$2.08  unrealized=$-11.45  shares=229  elapsed=4m
2026-05-12 08:41:33,419 [INFO] monitor: CNCK  price=$2.14  stop=$2.08  unrealized=$-11.43  shares=229  elapsed=4m
2026-05-12 08:41:34,482 [INFO] monitor: CNCK  price=$2.15  stop=$2.08  unrealized=$-9.18  shares=229  elapsed=4m
2026-05-12 08:41:35,545 [INFO] monitor: CNCK  price=$2.15  stop=$2.08  unrealized=$-9.18  shares=229  elapsed=4m
2026-05-12 08:41:36,608 [INFO] monitor: CNCK  price=$2.15  stop=$2.08  unrealized=$-9.16  shares=229  elapsed=4m
2026-05-12 08:41:37,672 [INFO] monitor: CNCK  price=$2.16  stop=$2.08  unrealized=$-6.87  shares=229  elapsed=4m
2026-05-12 08:41:38,736 [INFO] monitor: CNCK  price=$2.16  stop=$2.08  unrealized=$-7.33  shares=229  elapsed=4m
2026-05-12 08:41:39,800 [INFO] monitor: CNCK  price=$2.16  stop=$2.08  unrealized=$-6.87  shares=229  elapsed=4m
2026-05-12 08:41:40,867 [INFO] monitor: CNCK  price=$2.16  stop=$2.08  unrealized=$-6.87  shares=229  elapsed=4m
2026-05-12 08:41:41,934 [INFO] monitor: CNCK  price=$2.16  stop=$2.08  unrealized=$-7.40  shares=229  elapsed=4m
2026-05-12 08:41:43,000 [INFO] monitor: CNCK  price=$2.16  stop=$2.08  unrealized=$-7.10  shares=229  elapsed=4m
2026-05-12 08:41:44,067 [INFO] monitor: CNCK  price=$2.17  stop=$2.08  unrealized=$-5.22  shares=229  elapsed=4m
2026-05-12 08:41:45,141 [INFO] monitor: CNCK  price=$2.17  stop=$2.08  unrealized=$-4.81  shares=229  elapsed=4m
2026-05-12 08:41:46,205 [INFO] monitor: CNCK  price=$2.17  stop=$2.08  unrealized=$-4.51  shares=229  elapsed=4m
2026-05-12 08:41:47,274 [INFO] monitor: CNCK  price=$2.18  stop=$2.08  unrealized=$-2.56  shares=229  elapsed=4m
2026-05-12 08:41:48,341 [INFO] monitor: CNCK  price=$2.18  stop=$2.08  unrealized=$-2.29  shares=229  elapsed=4m
2026-05-12 08:41:49,404 [INFO] monitor: CNCK  price=$2.18  stop=$2.08  unrealized=$-2.31  shares=229  elapsed=4m
2026-05-12 08:41:50,469 [INFO] monitor: CNCK  price=$2.17  stop=$2.08  unrealized=$-4.28  shares=229  elapsed=4m
2026-05-12 08:41:51,532 [INFO] monitor: CNCK  price=$2.18  stop=$2.08  unrealized=$-2.63  shares=229  elapsed=4m
2026-05-12 08:41:52,597 [INFO] monitor: CNCK  price=$2.18  stop=$2.08  unrealized=$-2.31  shares=229  elapsed=4m
2026-05-12 08:41:53,665 [INFO] monitor: CNCK  price=$2.18  stop=$2.08  unrealized=$-2.29  shares=229  elapsed=4m
2026-05-12 08:41:54,736 [INFO] monitor: CNCK  price=$2.17  stop=$2.08  unrealized=$-4.58  shares=229  elapsed=4m
2026-05-12 08:41:55,799 [INFO] monitor: CNCK  price=$2.17  stop=$2.08  unrealized=$-4.53  shares=229  elapsed=4m
2026-05-12 08:41:56,867 [INFO] monitor: CNCK  price=$2.18  stop=$2.08  unrealized=$-2.73  shares=229  elapsed=4m
2026-05-12 08:41:57,939 [INFO] monitor: CNCK  price=$2.18  stop=$2.08  unrealized=$-2.73  shares=229  elapsed=4m
2026-05-12 08:41:59,021 [INFO] monitor: CNCK  price=$2.18  stop=$2.08  unrealized=$-2.29  shares=229  elapsed=4m
2026-05-12 08:42:00,096 [INFO] monitor: CNCK  price=$2.18  stop=$2.08  unrealized=$-2.29  shares=229  elapsed=4m
2026-05-12 08:42:01,246 [INFO] monitor: CNCK  price=$2.17  stop=$2.08  unrealized=$-4.58  shares=229  elapsed=4m
2026-05-12 08:42:02,354 [INFO] monitor: CNCK  price=$2.17  stop=$2.08  unrealized=$-4.31  shares=229  elapsed=4m
2026-05-12 08:42:03,423 [INFO] monitor: CNCK  price=$2.17  stop=$2.08  unrealized=$-4.58  shares=229  elapsed=4m
2026-05-12 08:42:04,493 [INFO] monitor: CNCK  price=$2.18  stop=$2.08  unrealized=$-2.75  shares=229  elapsed=4m
2026-05-12 08:42:05,556 [INFO] monitor: CNCK  price=$2.18  stop=$2.08  unrealized=$-2.75  shares=229  elapsed=4m
2026-05-12 08:42:06,618 [INFO] monitor: CNCK  price=$2.18  stop=$2.08  unrealized=$-2.95  shares=229  elapsed=4m
2026-05-12 08:42:07,679 [INFO] monitor: CNCK  price=$2.18  stop=$2.08  unrealized=$-2.29  shares=229  elapsed=4m
2026-05-12 08:42:08,746 [INFO] monitor: CNCK  price=$2.17  stop=$2.08  unrealized=$-3.44  shares=229  elapsed=4m
2026-05-12 08:42:09,820 [INFO] monitor: CNCK  price=$2.17  stop=$2.08  unrealized=$-3.44  shares=229  elapsed=4m
2026-05-12 08:42:10,896 [INFO] monitor: CNCK  price=$2.17  stop=$2.08  unrealized=$-3.44  shares=229  elapsed=4m
2026-05-12 08:42:11,959 [INFO] monitor: CNCK  price=$2.18  stop=$2.08  unrealized=$-2.29  shares=229  elapsed=4m
2026-05-12 08:42:13,025 [INFO] monitor: CNCK  price=$2.18  stop=$2.08  unrealized=$-2.29  shares=229  elapsed=4m
2026-05-12 08:42:14,088 [INFO] monitor: CNCK  price=$2.18  stop=$2.08  unrealized=$-2.75  shares=229  elapsed=4m
2026-05-12 08:42:15,154 [INFO] monitor: CNCK  price=$2.18  stop=$2.08  unrealized=$-2.31  shares=229  elapsed=4m
2026-05-12 08:42:16,217 [INFO] monitor: CNCK  price=$2.17  stop=$2.08  unrealized=$-4.58  shares=229  elapsed=4m
2026-05-12 08:42:17,281 [INFO] monitor: CNCK  price=$2.17  stop=$2.08  unrealized=$-4.47  shares=229  elapsed=4m
2026-05-12 08:42:18,349 [INFO] monitor: CNCK  price=$2.18  stop=$2.08  unrealized=$-2.31  shares=229  elapsed=5m
2026-05-12 08:42:19,415 [INFO] monitor: CNCK  price=$2.18  stop=$2.08  unrealized=$-2.31  shares=229  elapsed=5m
2026-05-12 08:42:20,479 [INFO] monitor: CNCK  price=$2.17  stop=$2.08  unrealized=$-4.58  shares=229  elapsed=5m
2026-05-12 08:42:21,541 [INFO] monitor: CNCK  price=$2.17  stop=$2.08  unrealized=$-3.44  shares=229  elapsed=5m
2026-05-12 08:42:22,612 [INFO] monitor: CNCK  price=$2.17  stop=$2.08  unrealized=$-3.44  shares=229  elapsed=5m
2026-05-12 08:42:23,679 [INFO] monitor: CNCK  price=$2.17  stop=$2.08  unrealized=$-3.44  shares=229  elapsed=5m
2026-05-12 08:42:24,745 [INFO] monitor: CNCK  price=$2.17  stop=$2.08  unrealized=$-3.44  shares=229  elapsed=5m
2026-05-12 08:42:25,819 [INFO] monitor: CNCK  price=$2.17  stop=$2.08  unrealized=$-4.58  shares=229  elapsed=5m
2026-05-12 08:42:26,894 [INFO] monitor: CNCK  price=$2.18  stop=$2.08  unrealized=$-2.29  shares=229  elapsed=5m
2026-05-12 08:42:27,955 [INFO] monitor: CNCK  price=$2.18  stop=$2.08  unrealized=$-2.29  shares=229  elapsed=5m
2026-05-12 08:42:29,022 [INFO] monitor: CNCK  price=$2.18  stop=$2.08  unrealized=$-2.29  shares=229  elapsed=5m
2026-05-12 08:42:30,094 [INFO] monitor: CNCK  price=$2.18  stop=$2.08  unrealized=$-2.29  shares=229  elapsed=5m
2026-05-12 08:42:31,157 [INFO] monitor: CNCK  price=$2.18  stop=$2.08  unrealized=$-2.29  shares=229  elapsed=5m
2026-05-12 08:42:32,222 [INFO] monitor: CNCK  price=$2.17  stop=$2.08  unrealized=$-4.58  shares=229  elapsed=5m
2026-05-12 08:42:33,284 [INFO] monitor: CNCK  price=$2.17  stop=$2.08  unrealized=$-4.58  shares=229  elapsed=5m
2026-05-12 08:42:34,355 [INFO] monitor: CNCK  price=$2.17  stop=$2.08  unrealized=$-4.60  shares=229  elapsed=5m
2026-05-12 08:42:35,416 [INFO] monitor: CNCK  price=$2.15  stop=$2.08  unrealized=$-9.16  shares=229  elapsed=5m
2026-05-12 08:42:36,482 [INFO] monitor: CNCK  price=$2.14  stop=$2.08  unrealized=$-10.83  shares=229  elapsed=5m
2026-05-12 08:42:37,555 [INFO] monitor: CNCK  price=$2.15  stop=$2.08  unrealized=$-9.78  shares=229  elapsed=5m
2026-05-12 08:42:38,621 [INFO] monitor: CNCK  price=$2.15  stop=$2.08  unrealized=$-9.16  shares=229  elapsed=5m
2026-05-12 08:42:39,688 [INFO] monitor: CNCK  price=$2.15  stop=$2.08  unrealized=$-9.16  shares=229  elapsed=5m
2026-05-12 08:42:40,759 [INFO] run_bot: Interrupted — closing CNCK
2026-05-12 08:42:41,477 [INFO] alpaca_client: Limit order submitted: sell 229 CNCK @ $2.04 — id=1327b6f5-6d1d-4c10-85fb-7b72ca079030
2026-05-12 08:42:41,544 [INFO] trade_logger: EXIT   CNCK    $2.15  reason=manual_interrupt        PnL=$-5.72 (-1.1%)
2026-05-12 08:42:52,799 [INFO] run_bot: Paper account  equity=$99912.24  buying_power=$399782.84
2026-05-12 08:42:52,800 [WARNING] run_bot: === Skipping premarket filters for UBXG ===
2026-05-12 08:42:53,291 [WARNING] run_bot: --skip-entry-signal active — bypassing momentum check
2026-05-12 08:42:53,395 [INFO] run_bot: UBXG: entry signal confirmed — skip_entry_signal_flag
2026-05-12 08:42:53,395 [INFO] run_bot: Position sizing  shares=1253  entry=$0.40  stop=$0.30  risk=$125.30  value=$499.70
2026-05-12 08:42:53,456 [INFO] alpaca_client: Market order submitted: buy 1253 UBXG — id=90953f9b-79a7-4d17-99a7-a62cb00d2b30
2026-05-12 08:42:53,456 [INFO] run_bot: Entry order submitted: id=90953f9b-79a7-4d17-99a7-a62cb00d2b30
2026-05-12 08:42:53,457 [INFO] run_bot: Managing stops manually for UBXG — initial stop=$0.30, trail=candle-low
2026-05-12 08:42:53,458 [INFO] trade_logger: ENTRY  UBXG    $0.40 × 1253  stop=$0.30
2026-05-12 08:42:53,460 [INFO] monitor: Monitoring UBXG | entry=$0.40  stop=$0.30  trail=candle-low  max_hold=120m
2026-05-12 08:42:54,604 [INFO] monitor: UBXG: targets  T1=$0.50 (1:1, sell 50%)  T2=$0.48 (before $0.50 psych, sell 25%)  T3=candle closes below 9-EMA
2026-05-12 08:42:54,658 [INFO] monitor: UBXG  price=$0.39  stop=$0.30  unrealized=$-2.01  shares=1253  elapsed=0m
2026-05-12 08:42:55,809 [INFO] monitor: UBXG  price=$0.40  stop=$0.30  unrealized=$+0.00  shares=1253  elapsed=0m
2026-05-12 08:42:56,867 [INFO] monitor: UBXG  price=$0.40  stop=$0.30  unrealized=$-0.13  shares=1253  elapsed=0m
2026-05-12 08:42:57,920 [INFO] monitor: UBXG  price=$0.40  stop=$0.30  unrealized=$+4.26  shares=1253  elapsed=0m
2026-05-12 08:42:58,978 [INFO] monitor: UBXG  price=$0.40  stop=$0.30  unrealized=$+4.26  shares=1253  elapsed=0m
2026-05-12 08:43:00,063 [INFO] monitor: UBXG  price=$0.40  stop=$0.30  unrealized=$+4.26  shares=1253  elapsed=0m
2026-05-12 08:43:01,194 [INFO] monitor: UBXG  price=$0.40  stop=$0.30  unrealized=$+4.13  shares=1253  elapsed=0m
2026-05-12 08:43:02,249 [INFO] monitor: UBXG  price=$0.40  stop=$0.30  unrealized=$-2.00  shares=1253  elapsed=0m
2026-05-12 08:43:03,307 [INFO] monitor: UBXG  price=$0.40  stop=$0.30  unrealized=$-0.88  shares=1253  elapsed=0m
2026-05-12 08:43:04,373 [INFO] monitor: UBXG  price=$0.40  stop=$0.30  unrealized=$-0.75  shares=1253  elapsed=0m
2026-05-12 08:43:05,426 [INFO] monitor: UBXG  price=$0.40  stop=$0.30  unrealized=$-1.13  shares=1253  elapsed=0m
2026-05-12 08:43:06,477 [INFO] monitor: UBXG  price=$0.39  stop=$0.30  unrealized=$-2.88  shares=1253  elapsed=0m
2026-05-12 08:43:07,535 [INFO] monitor: UBXG  price=$0.40  stop=$0.30  unrealized=$+0.25  shares=1253  elapsed=0m
2026-05-12 08:43:08,588 [INFO] monitor: UBXG  price=$0.40  stop=$0.30  unrealized=$+2.88  shares=1253  elapsed=0m
2026-05-12 08:43:09,641 [INFO] monitor: UBXG  price=$0.40  stop=$0.30  unrealized=$+9.27  shares=1253  elapsed=0m
2026-05-12 08:43:10,697 [INFO] monitor: UBXG  price=$0.40  stop=$0.30  unrealized=$+4.89  shares=1253  elapsed=0m
2026-05-12 08:43:11,748 [INFO] monitor: UBXG  price=$0.40  stop=$0.30  unrealized=$+9.27  shares=1253  elapsed=0m
2026-05-12 08:43:12,830 [INFO] monitor: UBXG  price=$0.40  stop=$0.30  unrealized=$+6.39  shares=1253  elapsed=0m
2026-05-12 08:43:13,881 [INFO] monitor: UBXG  price=$0.40  stop=$0.30  unrealized=$+9.27  shares=1253  elapsed=0m
2026-05-12 08:43:14,939 [INFO] monitor: UBXG  price=$0.40  stop=$0.30  unrealized=$+5.39  shares=1253  elapsed=0m
2026-05-12 08:43:15,992 [INFO] monitor: UBXG  price=$0.40  stop=$0.30  unrealized=$+1.63  shares=1253  elapsed=0m
2026-05-12 08:43:17,049 [INFO] monitor: UBXG  price=$0.40  stop=$0.30  unrealized=$+5.14  shares=1253  elapsed=0m
2026-05-12 08:43:18,101 [INFO] monitor: UBXG  price=$0.40  stop=$0.30  unrealized=$+5.76  shares=1253  elapsed=0m
2026-05-12 08:43:19,156 [INFO] monitor: UBXG  price=$0.40  stop=$0.30  unrealized=$+4.01  shares=1253  elapsed=0m
2026-05-12 08:43:20,213 [INFO] monitor: UBXG  price=$0.40  stop=$0.30  unrealized=$+6.26  shares=1253  elapsed=0m
2026-05-12 08:43:21,269 [INFO] monitor: UBXG  price=$0.40  stop=$0.30  unrealized=$+6.26  shares=1253  elapsed=0m
2026-05-12 08:43:22,322 [INFO] monitor: UBXG  price=$0.40  stop=$0.30  unrealized=$+0.25  shares=1253  elapsed=0m
2026-05-12 08:43:23,375 [INFO] monitor: UBXG  price=$0.40  stop=$0.30  unrealized=$+0.50  shares=1253  elapsed=0m
2026-05-12 08:43:24,428 [INFO] monitor: UBXG  price=$0.40  stop=$0.30  unrealized=$+0.50  shares=1253  elapsed=1m
2026-05-12 08:43:25,482 [INFO] monitor: UBXG  price=$0.40  stop=$0.30  unrealized=$+2.38  shares=1253  elapsed=1m
2026-05-12 08:43:26,543 [INFO] monitor: UBXG  price=$0.40  stop=$0.30  unrealized=$+2.38  shares=1253  elapsed=1m
2026-05-12 08:43:27,596 [INFO] monitor: UBXG  price=$0.39  stop=$0.30  unrealized=$-4.26  shares=1253  elapsed=1m
2026-05-12 08:43:28,647 [INFO] monitor: UBXG  price=$0.40  stop=$0.30  unrealized=$-1.50  shares=1253  elapsed=1m
2026-05-12 08:43:29,698 [INFO] monitor: UBXG  price=$0.40  stop=$0.30  unrealized=$+1.25  shares=1253  elapsed=1m
2026-05-12 08:43:30,751 [INFO] monitor: UBXG  price=$0.40  stop=$0.30  unrealized=$+0.88  shares=1253  elapsed=1m
2026-05-12 08:43:31,801 [INFO] monitor: UBXG  price=$0.40  stop=$0.30  unrealized=$+1.25  shares=1253  elapsed=1m
2026-05-12 08:43:32,853 [INFO] monitor: UBXG  price=$0.39  stop=$0.30  unrealized=$-3.26  shares=1253  elapsed=1m
2026-05-12 08:43:33,911 [INFO] monitor: UBXG  price=$0.39  stop=$0.30  unrealized=$-2.13  shares=1253  elapsed=1m
2026-05-12 08:43:34,962 [INFO] monitor: UBXG  price=$0.39  stop=$0.30  unrealized=$-6.89  shares=1253  elapsed=1m
2026-05-12 08:43:36,024 [INFO] monitor: UBXG  price=$0.39  stop=$0.30  unrealized=$-2.63  shares=1253  elapsed=1m
2026-05-12 08:43:37,081 [INFO] monitor: UBXG  price=$0.39  stop=$0.30  unrealized=$-4.39  shares=1253  elapsed=1m
2026-05-12 08:43:38,140 [INFO] monitor: UBXG  price=$0.39  stop=$0.30  unrealized=$-4.13  shares=1253  elapsed=1m
2026-05-12 08:43:39,199 [INFO] monitor: UBXG  price=$0.39  stop=$0.30  unrealized=$-4.13  shares=1253  elapsed=1m
2026-05-12 08:43:40,257 [INFO] monitor: UBXG  price=$0.39  stop=$0.30  unrealized=$-4.26  shares=1253  elapsed=1m
2026-05-12 08:43:41,314 [INFO] monitor: UBXG  price=$0.39  stop=$0.30  unrealized=$-4.26  shares=1253  elapsed=1m
2026-05-12 08:43:42,365 [INFO] monitor: UBXG  price=$0.40  stop=$0.30  unrealized=$+0.50  shares=1253  elapsed=1m
2026-05-12 08:43:43,419 [INFO] monitor: UBXG  price=$0.40  stop=$0.30  unrealized=$+2.38  shares=1253  elapsed=1m
2026-05-12 08:43:44,477 [INFO] monitor: UBXG  price=$0.40  stop=$0.30  unrealized=$+2.26  shares=1253  elapsed=1m
2026-05-12 08:43:45,536 [INFO] monitor: UBXG  price=$0.40  stop=$0.30  unrealized=$+2.38  shares=1253  elapsed=1m
2026-05-12 08:43:46,588 [INFO] monitor: UBXG  price=$0.40  stop=$0.30  unrealized=$+0.75  shares=1253  elapsed=1m
2026-05-12 08:43:47,640 [INFO] monitor: UBXG  price=$0.40  stop=$0.30  unrealized=$+5.01  shares=1253  elapsed=1m
2026-05-12 08:43:48,698 [INFO] monitor: UBXG  price=$0.40  stop=$0.30  unrealized=$+8.90  shares=1253  elapsed=1m
2026-05-12 08:43:49,754 [INFO] monitor: UBXG  price=$0.40  stop=$0.30  unrealized=$+9.15  shares=1253  elapsed=1m
2026-05-12 08:43:50,831 [INFO] monitor: UBXG  price=$0.40  stop=$0.30  unrealized=$+9.15  shares=1253  elapsed=1m
2026-05-12 08:43:51,887 [INFO] monitor: UBXG  price=$0.41  stop=$0.30  unrealized=$+13.53  shares=1253  elapsed=1m
2026-05-12 08:43:52,948 [INFO] monitor: UBXG  price=$0.40  stop=$0.30  unrealized=$+8.14  shares=1253  elapsed=1m
2026-05-12 08:43:53,999 [INFO] monitor: UBXG  price=$0.40  stop=$0.30  unrealized=$+8.02  shares=1253  elapsed=1m
2026-05-12 08:43:55,053 [INFO] monitor: UBXG  price=$0.40  stop=$0.30  unrealized=$+8.52  shares=1253  elapsed=1m
2026-05-12 08:43:56,104 [INFO] monitor: UBXG  price=$0.41  stop=$0.30  unrealized=$+12.40  shares=1253  elapsed=1m
2026-05-12 08:43:57,162 [INFO] monitor: UBXG  price=$0.40  stop=$0.30  unrealized=$+8.14  shares=1253  elapsed=1m
2026-05-12 08:43:58,214 [INFO] monitor: UBXG  price=$0.39  stop=$0.30  unrealized=$-4.26  shares=1253  elapsed=1m
2026-05-12 08:43:59,268 [INFO] monitor: UBXG  price=$0.40  stop=$0.30  unrealized=$+6.14  shares=1253  elapsed=1m
2026-05-12 08:44:00,328 [INFO] monitor: UBXG  price=$0.40  stop=$0.30  unrealized=$+6.39  shares=1253  elapsed=1m
2026-05-12 08:44:01,247 [INFO] run_bot: Interrupted — closing UBXG
2026-05-12 08:44:01,424 [INFO] alpaca_client: Limit order submitted: sell 1253 UBXG @ $0.25 — id=a39a554d-512e-493e-b96b-739acafe78db
2026-05-12 08:44:01,484 [INFO] trade_logger: EXIT   UBXG    $0.40  reason=manual_interrupt        PnL=$+5.26 (+1.1%)
2026-05-12 08:44:12,298 [INFO] run_bot: Paper account  equity=$99905.34  buying_power=$399782.84
2026-05-12 08:44:12,299 [WARNING] run_bot: === Skipping premarket filters for SOXS ===
2026-05-12 08:44:12,871 [WARNING] run_bot: --skip-entry-signal active — bypassing momentum check
2026-05-12 08:44:12,945 [INFO] run_bot: SOXS: entry signal confirmed — skip_entry_signal_flag
2026-05-12 08:44:12,946 [INFO] run_bot: Position sizing  shares=58  entry=$8.57  stop=$8.46  risk=$5.80  value=$496.77
2026-05-12 08:44:13,011 [INFO] alpaca_client: Market order submitted: buy 58 SOXS — id=874e177a-f51b-4361-9808-feb5b302429f
2026-05-12 08:44:13,011 [INFO] run_bot: Entry order submitted: id=874e177a-f51b-4361-9808-feb5b302429f
2026-05-12 08:44:13,012 [INFO] run_bot: Managing stops manually for SOXS — initial stop=$8.46, trail=candle-low
2026-05-12 08:44:13,014 [INFO] trade_logger: ENTRY  SOXS    $8.57 × 58  stop=$8.46
2026-05-12 08:44:13,015 [INFO] monitor: Monitoring SOXS | entry=$8.57  stop=$8.46  trail=candle-low  max_hold=120m
2026-05-12 08:44:14,154 [INFO] monitor: SOXS: targets  T1=$8.66 (1:1, sell 50%)  T2=$8.98 (before $9.00 psych, sell 25%)  T3=candle closes below 9-EMA
2026-05-12 08:44:14,248 [INFO] monitor: SOXS  price=$8.57  stop=$8.46  unrealized=$+0.00  shares=58  elapsed=0m
2026-05-12 08:44:15,392 [INFO] monitor: SOXS  price=$8.57  stop=$8.46  unrealized=$+0.17  shares=58  elapsed=0m
2026-05-12 08:44:16,474 [INFO] monitor: SOXS  price=$8.60  stop=$8.46  unrealized=$+1.62  shares=58  elapsed=0m
2026-05-12 08:44:17,538 [INFO] monitor: SOXS  price=$8.59  stop=$8.46  unrealized=$+0.87  shares=58  elapsed=0m
2026-05-12 08:44:18,599 [INFO] monitor: SOXS  price=$8.59  stop=$8.46  unrealized=$+0.87  shares=58  elapsed=0m
2026-05-12 08:44:19,660 [INFO] monitor: SOXS  price=$8.59  stop=$8.46  unrealized=$+1.16  shares=58  elapsed=0m
2026-05-12 08:44:20,723 [INFO] monitor: SOXS  price=$8.60  stop=$8.46  unrealized=$+1.73  shares=58  elapsed=0m
2026-05-12 08:44:21,792 [INFO] monitor: SOXS  price=$8.60  stop=$8.46  unrealized=$+1.74  shares=58  elapsed=0m
2026-05-12 08:44:22,909 [INFO] monitor: SOXS  price=$8.59  stop=$8.46  unrealized=$+1.17  shares=58  elapsed=0m
2026-05-12 08:44:23,971 [INFO] monitor: SOXS  price=$8.60  stop=$8.46  unrealized=$+1.45  shares=58  elapsed=0m
2026-05-12 08:44:25,086 [INFO] monitor: SOXS  price=$8.60  stop=$8.46  unrealized=$+1.45  shares=58  elapsed=0m
2026-05-12 08:44:26,148 [INFO] monitor: SOXS  price=$8.61  stop=$8.46  unrealized=$+2.17  shares=58  elapsed=0m
2026-05-12 08:44:27,210 [INFO] monitor: SOXS  price=$8.61  stop=$8.46  unrealized=$+2.03  shares=58  elapsed=0m
2026-05-12 08:44:28,272 [INFO] monitor: SOXS  price=$8.61  stop=$8.46  unrealized=$+2.30  shares=58  elapsed=0m
2026-05-12 08:44:29,337 [INFO] monitor: SOXS  price=$8.60  stop=$8.46  unrealized=$+1.75  shares=58  elapsed=0m
2026-05-12 08:44:30,396 [INFO] monitor: SOXS  price=$8.61  stop=$8.46  unrealized=$+2.32  shares=58  elapsed=0m
2026-05-12 08:44:31,458 [INFO] monitor: SOXS  price=$8.60  stop=$8.46  unrealized=$+1.74  shares=58  elapsed=0m
2026-05-12 08:44:32,521 [INFO] monitor: SOXS  price=$8.60  stop=$8.46  unrealized=$+1.75  shares=58  elapsed=0m
2026-05-12 08:44:33,590 [INFO] monitor: SOXS  price=$8.60  stop=$8.46  unrealized=$+1.75  shares=58  elapsed=0m
2026-05-12 08:44:34,657 [INFO] monitor: SOXS  price=$8.61  stop=$8.46  unrealized=$+2.32  shares=58  elapsed=0m
2026-05-12 08:44:35,731 [INFO] monitor: SOXS  price=$8.62  stop=$8.46  unrealized=$+2.90  shares=58  elapsed=0m
2026-05-12 08:44:36,792 [INFO] monitor: SOXS  price=$8.61  stop=$8.46  unrealized=$+2.40  shares=58  elapsed=0m
2026-05-12 08:44:37,858 [INFO] monitor: SOXS  price=$8.61  stop=$8.46  unrealized=$+2.32  shares=58  elapsed=0m
2026-05-12 08:44:38,925 [INFO] monitor: SOXS  price=$8.62  stop=$8.46  unrealized=$+2.61  shares=58  elapsed=0m
2026-05-12 08:44:39,986 [INFO] monitor: SOXS  price=$8.62  stop=$8.46  unrealized=$+3.19  shares=58  elapsed=0m
2026-05-12 08:44:41,055 [INFO] monitor: SOXS  price=$8.62  stop=$8.46  unrealized=$+2.61  shares=58  elapsed=0m
2026-05-12 08:44:42,117 [INFO] monitor: SOXS  price=$8.62  stop=$8.46  unrealized=$+2.93  shares=58  elapsed=0m
2026-05-12 08:44:43,181 [INFO] monitor: SOXS  price=$8.63  stop=$8.46  unrealized=$+3.48  shares=58  elapsed=1m
2026-05-12 08:44:44,259 [INFO] monitor: SOXS  price=$8.64  stop=$8.46  unrealized=$+4.06  shares=58  elapsed=1m
2026-05-12 08:44:45,320 [INFO] monitor: SOXS  price=$8.64  stop=$8.46  unrealized=$+4.06  shares=58  elapsed=1m
2026-05-12 08:44:46,391 [INFO] monitor: SOXS  price=$8.63  stop=$8.46  unrealized=$+3.77  shares=58  elapsed=1m
2026-05-12 08:44:47,455 [INFO] monitor: SOXS  price=$8.63  stop=$8.46  unrealized=$+3.48  shares=58  elapsed=1m
2026-05-12 08:44:48,525 [INFO] monitor: SOXS  price=$8.64  stop=$8.46  unrealized=$+4.03  shares=58  elapsed=1m
2026-05-12 08:44:49,583 [INFO] monitor: SOXS  price=$8.64  stop=$8.46  unrealized=$+4.07  shares=58  elapsed=1m
2026-05-12 08:44:50,646 [INFO] monitor: SOXS  price=$8.64  stop=$8.46  unrealized=$+4.35  shares=58  elapsed=1m
2026-05-12 08:44:51,705 [INFO] monitor: SOXS  price=$8.65  stop=$8.46  unrealized=$+4.65  shares=58  elapsed=1m
2026-05-12 08:44:52,768 [INFO] monitor: SOXS  price=$8.65  stop=$8.46  unrealized=$+4.93  shares=58  elapsed=1m
2026-05-12 08:44:53,832 [INFO] monitor: SOXS  price=$8.65  stop=$8.46  unrealized=$+4.64  shares=58  elapsed=1m
2026-05-12 08:44:54,893 [INFO] monitor: SOXS  price=$8.65  stop=$8.46  unrealized=$+4.64  shares=58  elapsed=1m
2026-05-12 08:44:55,957 [INFO] monitor: SOXS  price=$8.64  stop=$8.46  unrealized=$+3.98  shares=58  elapsed=1m
2026-05-12 08:44:57,038 [INFO] monitor: SOXS  price=$8.62  stop=$8.46  unrealized=$+2.91  shares=58  elapsed=1m
2026-05-12 08:44:58,103 [INFO] monitor: SOXS  price=$8.63  stop=$8.46  unrealized=$+3.48  shares=58  elapsed=1m
2026-05-12 08:44:59,171 [INFO] monitor: SOXS  price=$8.62  stop=$8.46  unrealized=$+2.90  shares=58  elapsed=1m
2026-05-12 08:45:00,236 [INFO] monitor: SOXS  price=$8.63  stop=$8.46  unrealized=$+3.28  shares=58  elapsed=1m
2026-05-12 08:45:01,389 [INFO] monitor: SOXS  price=$8.61  stop=$8.46  unrealized=$+2.33  shares=58  elapsed=1m
2026-05-12 08:45:02,452 [INFO] monitor: SOXS  price=$8.62  stop=$8.46  unrealized=$+2.93  shares=58  elapsed=1m
2026-05-12 08:45:03,540 [INFO] monitor: SOXS  price=$8.62  stop=$8.46  unrealized=$+3.19  shares=58  elapsed=1m
2026-05-12 08:45:04,603 [INFO] monitor: SOXS  price=$8.60  stop=$8.46  unrealized=$+1.74  shares=58  elapsed=1m
2026-05-12 08:45:05,714 [INFO] monitor: SOXS  price=$8.60  stop=$8.46  unrealized=$+1.73  shares=58  elapsed=1m
2026-05-12 08:45:06,781 [INFO] monitor: SOXS  price=$8.59  stop=$8.46  unrealized=$+1.12  shares=58  elapsed=1m
2026-05-12 08:45:07,843 [INFO] monitor: SOXS  price=$8.59  stop=$8.46  unrealized=$+1.16  shares=58  elapsed=1m
2026-05-12 08:45:08,906 [INFO] monitor: SOXS  price=$8.59  stop=$8.46  unrealized=$+1.15  shares=58  elapsed=1m
2026-05-12 08:45:09,970 [INFO] monitor: SOXS  price=$8.59  stop=$8.46  unrealized=$+1.15  shares=58  elapsed=1m
2026-05-12 08:45:11,042 [INFO] monitor: SOXS  price=$8.59  stop=$8.46  unrealized=$+1.16  shares=58  elapsed=1m
2026-05-12 08:45:12,105 [INFO] monitor: SOXS  price=$8.60  stop=$8.46  unrealized=$+1.77  shares=58  elapsed=1m
2026-05-12 08:45:13,193 [INFO] monitor: SOXS  price=$8.62  stop=$8.46  unrealized=$+2.90  shares=58  elapsed=1m
2026-05-12 08:45:14,258 [INFO] monitor: SOXS  price=$8.65  stop=$8.46  unrealized=$+4.64  shares=58  elapsed=1m
2026-05-12 08:45:15,321 [INFO] monitor: SOXS  price=$8.64  stop=$8.46  unrealized=$+4.06  shares=58  elapsed=1m
2026-05-12 08:45:16,389 [INFO] monitor: SOXS  price=$8.64  stop=$8.46  unrealized=$+4.06  shares=58  elapsed=1m
2026-05-12 08:45:17,454 [INFO] monitor: SOXS  price=$8.65  stop=$8.46  unrealized=$+4.64  shares=58  elapsed=1m
2026-05-12 08:45:18,520 [INFO] monitor: SOXS  price=$8.65  stop=$8.46  unrealized=$+4.63  shares=58  elapsed=1m
2026-05-12 08:45:19,593 [INFO] monitor: SOXS  price=$8.63  stop=$8.46  unrealized=$+3.77  shares=58  elapsed=1m
2026-05-12 08:45:20,667 [INFO] monitor: SOXS  price=$8.62  stop=$8.46  unrealized=$+3.19  shares=58  elapsed=1m
2026-05-12 08:45:21,734 [INFO] monitor: SOXS  price=$8.62  stop=$8.46  unrealized=$+2.90  shares=58  elapsed=1m
2026-05-12 08:45:22,796 [INFO] monitor: SOXS  price=$8.62  stop=$8.46  unrealized=$+2.90  shares=58  elapsed=1m
2026-05-12 08:45:23,862 [INFO] monitor: SOXS  price=$8.61  stop=$8.46  unrealized=$+2.31  shares=58  elapsed=1m
2026-05-12 08:45:24,929 [INFO] monitor: SOXS  price=$8.61  stop=$8.46  unrealized=$+2.31  shares=58  elapsed=1m
2026-05-12 08:45:25,992 [INFO] monitor: SOXS  price=$8.62  stop=$8.46  unrealized=$+2.99  shares=58  elapsed=1m
2026-05-12 08:45:27,073 [INFO] monitor: SOXS  price=$8.63  stop=$8.46  unrealized=$+3.47  shares=58  elapsed=1m
2026-05-12 08:45:28,134 [INFO] monitor: SOXS  price=$8.62  stop=$8.46  unrealized=$+3.19  shares=58  elapsed=1m
2026-05-12 08:45:29,196 [INFO] monitor: SOXS  price=$8.63  stop=$8.46  unrealized=$+3.48  shares=58  elapsed=1m
2026-05-12 08:45:30,356 [INFO] monitor: SOXS  price=$8.62  stop=$8.46  unrealized=$+3.19  shares=58  elapsed=1m
2026-05-12 08:45:31,424 [INFO] monitor: SOXS  price=$8.62  stop=$8.46  unrealized=$+3.19  shares=58  elapsed=1m
2026-05-12 08:45:32,488 [INFO] monitor: SOXS  price=$8.62  stop=$8.46  unrealized=$+2.90  shares=58  elapsed=1m
2026-05-12 08:45:33,553 [INFO] monitor: SOXS  price=$8.63  stop=$8.46  unrealized=$+3.48  shares=58  elapsed=1m
2026-05-12 08:45:34,619 [INFO] monitor: SOXS  price=$8.63  stop=$8.46  unrealized=$+3.48  shares=58  elapsed=1m
2026-05-12 08:45:35,682 [INFO] monitor: SOXS  price=$8.62  stop=$8.46  unrealized=$+2.61  shares=58  elapsed=1m
2026-05-12 08:45:36,743 [INFO] monitor: SOXS  price=$8.62  stop=$8.46  unrealized=$+2.74  shares=58  elapsed=1m
2026-05-12 08:45:37,805 [INFO] monitor: SOXS  price=$8.62  stop=$8.46  unrealized=$+2.61  shares=58  elapsed=1m
2026-05-12 08:45:38,891 [INFO] monitor: SOXS  price=$8.63  stop=$8.46  unrealized=$+3.33  shares=58  elapsed=1m
2026-05-12 08:45:39,957 [INFO] monitor: SOXS  price=$8.63  stop=$8.46  unrealized=$+3.48  shares=58  elapsed=1m
2026-05-12 08:45:41,027 [INFO] monitor: SOXS  price=$8.62  stop=$8.46  unrealized=$+2.86  shares=58  elapsed=1m
2026-05-12 08:45:42,089 [INFO] monitor: SOXS  price=$8.60  stop=$8.46  unrealized=$+1.74  shares=58  elapsed=1m
2026-05-12 08:45:43,151 [INFO] monitor: SOXS  price=$8.61  stop=$8.46  unrealized=$+2.32  shares=58  elapsed=2m
2026-05-12 08:45:44,220 [INFO] monitor: SOXS  price=$8.61  stop=$8.46  unrealized=$+2.32  shares=58  elapsed=2m
2026-05-12 08:45:45,291 [INFO] monitor: SOXS  price=$8.62  stop=$8.46  unrealized=$+2.74  shares=58  elapsed=2m
2026-05-12 08:45:46,357 [INFO] monitor: SOXS  price=$8.62  stop=$8.46  unrealized=$+2.90  shares=58  elapsed=2m
2026-05-12 08:45:47,426 [INFO] monitor: SOXS  price=$8.63  stop=$8.46  unrealized=$+3.47  shares=58  elapsed=2m
2026-05-12 08:45:48,503 [INFO] monitor: SOXS  price=$8.62  stop=$8.46  unrealized=$+2.99  shares=58  elapsed=2m
2026-05-12 08:45:49,568 [INFO] monitor: SOXS  price=$8.63  stop=$8.46  unrealized=$+3.48  shares=58  elapsed=2m
2026-05-12 08:45:50,631 [INFO] monitor: SOXS  price=$8.63  stop=$8.46  unrealized=$+3.48  shares=58  elapsed=2m
2026-05-12 08:45:51,693 [INFO] monitor: SOXS  price=$8.64  stop=$8.46  unrealized=$+4.06  shares=58  elapsed=2m
2026-05-12 08:45:52,791 [INFO] monitor: SOXS  price=$8.64  stop=$8.46  unrealized=$+4.06  shares=58  elapsed=2m
2026-05-12 08:45:53,852 [INFO] monitor: SOXS  price=$8.64  stop=$8.46  unrealized=$+4.06  shares=58  elapsed=2m
2026-05-12 08:45:54,916 [INFO] monitor: SOXS  price=$8.63  stop=$8.46  unrealized=$+3.48  shares=58  elapsed=2m
2026-05-12 08:45:55,978 [INFO] monitor: SOXS  price=$8.64  stop=$8.46  unrealized=$+4.14  shares=58  elapsed=2m
2026-05-12 08:45:57,046 [INFO] monitor: SOXS  price=$8.64  stop=$8.46  unrealized=$+4.02  shares=58  elapsed=2m
2026-05-12 08:45:58,118 [INFO] monitor: SOXS  price=$8.64  stop=$8.46  unrealized=$+4.06  shares=58  elapsed=2m
2026-05-12 08:45:59,192 [INFO] monitor: SOXS  price=$8.64  stop=$8.46  unrealized=$+4.06  shares=58  elapsed=2m
2026-05-12 08:46:00,260 [INFO] monitor: SOXS  price=$8.63  stop=$8.46  unrealized=$+3.39  shares=58  elapsed=2m
2026-05-12 08:46:01,430 [INFO] monitor: SOXS  price=$8.62  stop=$8.46  unrealized=$+2.90  shares=58  elapsed=2m
2026-05-12 08:46:02,494 [INFO] monitor: SOXS  price=$8.62  stop=$8.46  unrealized=$+2.90  shares=58  elapsed=2m
2026-05-12 08:46:03,555 [INFO] monitor: SOXS  price=$8.62  stop=$8.46  unrealized=$+2.82  shares=58  elapsed=2m
2026-05-12 08:46:04,630 [INFO] monitor: SOXS  price=$8.62  stop=$8.46  unrealized=$+3.19  shares=58  elapsed=2m
2026-05-12 08:46:05,697 [INFO] monitor: SOXS  price=$8.63  stop=$8.46  unrealized=$+3.48  shares=58  elapsed=2m
2026-05-12 08:46:06,762 [INFO] monitor: SOXS  price=$8.62  stop=$8.46  unrealized=$+2.90  shares=58  elapsed=2m
2026-05-12 08:46:07,835 [INFO] monitor: SOXS  price=$8.63  stop=$8.46  unrealized=$+3.48  shares=58  elapsed=2m
2026-05-12 08:46:08,908 [INFO] monitor: SOXS  price=$8.63  stop=$8.46  unrealized=$+3.48  shares=58  elapsed=2m
2026-05-12 08:46:09,979 [INFO] monitor: SOXS  price=$8.62  stop=$8.46  unrealized=$+3.19  shares=58  elapsed=2m
2026-05-12 08:46:11,048 [INFO] monitor: SOXS  price=$8.62  stop=$8.46  unrealized=$+3.19  shares=58  elapsed=2m
2026-05-12 08:46:12,115 [INFO] monitor: SOXS  price=$8.62  stop=$8.46  unrealized=$+2.61  shares=58  elapsed=2m
2026-05-12 08:46:13,183 [INFO] monitor: SOXS  price=$8.62  stop=$8.46  unrealized=$+2.82  shares=58  elapsed=2m
2026-05-12 08:46:14,252 [INFO] monitor: SOXS  price=$8.62  stop=$8.46  unrealized=$+3.19  shares=58  elapsed=2m
2026-05-12 08:46:15,337 [INFO] monitor: SOXS  price=$8.63  stop=$8.46  unrealized=$+3.46  shares=58  elapsed=2m
2026-05-12 08:46:16,402 [INFO] monitor: SOXS  price=$8.64  stop=$8.46  unrealized=$+4.06  shares=58  elapsed=2m
2026-05-12 08:46:17,467 [INFO] monitor: SOXS  price=$8.63  stop=$8.46  unrealized=$+3.77  shares=58  elapsed=2m
2026-05-12 08:46:18,531 [INFO] monitor: SOXS  price=$8.62  stop=$8.46  unrealized=$+2.90  shares=58  elapsed=2m
2026-05-12 08:46:19,594 [INFO] monitor: SOXS  price=$8.66  stop=$8.46  unrealized=$+5.22  shares=58  elapsed=2m
2026-05-12 08:46:20,665 [INFO] monitor: SOXS  price=$8.66  stop=$8.46  unrealized=$+5.51  shares=58  elapsed=2m
2026-05-12 08:46:20,665 [INFO] monitor: SOXS: T1 hit  price=$8.66 >= $8.66 — selling 29 shares (50%)
2026-05-12 08:46:20,740 [INFO] alpaca_client: Market order submitted: sell 29 SOXS — id=19b32096-d605-40cd-b5b9-3d5973c70300
2026-05-12 08:46:21,805 [INFO] monitor: SOXS  price=$8.65  stop=$8.46  unrealized=$+2.33  shares=29  elapsed=2m
2026-05-12 08:46:22,876 [INFO] monitor: SOXS  price=$8.65  stop=$8.46  unrealized=$+2.36  shares=29  elapsed=2m
2026-05-12 08:46:23,945 [INFO] monitor: SOXS  price=$8.64  stop=$8.46  unrealized=$+2.03  shares=29  elapsed=2m
2026-05-12 08:46:25,012 [INFO] monitor: SOXS  price=$8.62  stop=$8.46  unrealized=$+1.59  shares=29  elapsed=2m
2026-05-12 08:46:26,083 [INFO] monitor: SOXS  price=$8.64  stop=$8.46  unrealized=$+2.03  shares=29  elapsed=2m
2026-05-12 08:46:27,149 [INFO] monitor: SOXS  price=$8.64  stop=$8.46  unrealized=$+2.03  shares=29  elapsed=2m
2026-05-12 08:46:28,213 [INFO] monitor: SOXS  price=$8.63  stop=$8.46  unrealized=$+1.74  shares=29  elapsed=2m
2026-05-12 08:46:29,291 [INFO] monitor: SOXS  price=$8.64  stop=$8.46  unrealized=$+1.99  shares=29  elapsed=2m
2026-05-12 08:46:30,367 [INFO] monitor: SOXS  price=$8.64  stop=$8.46  unrealized=$+1.99  shares=29  elapsed=2m
2026-05-12 08:46:31,440 [INFO] monitor: SOXS  price=$8.64  stop=$8.46  unrealized=$+1.99  shares=29  elapsed=2m
2026-05-12 08:46:32,505 [INFO] monitor: SOXS  price=$8.63  stop=$8.46  unrealized=$+1.74  shares=29  elapsed=2m
2026-05-12 08:46:33,567 [INFO] monitor: SOXS  price=$8.61  stop=$8.46  unrealized=$+1.16  shares=29  elapsed=2m
2026-05-12 08:46:34,630 [INFO] monitor: SOXS  price=$8.62  stop=$8.46  unrealized=$+1.45  shares=29  elapsed=2m
2026-05-12 08:46:35,697 [INFO] monitor: SOXS  price=$8.62  stop=$8.46  unrealized=$+1.45  shares=29  elapsed=2m
2026-05-12 08:46:36,764 [INFO] monitor: SOXS  price=$8.63  stop=$8.46  unrealized=$+1.66  shares=29  elapsed=2m
2026-05-12 08:46:37,829 [INFO] monitor: SOXS  price=$8.63  stop=$8.46  unrealized=$+1.74  shares=29  elapsed=2m
2026-05-12 08:46:38,902 [INFO] monitor: SOXS  price=$8.63  stop=$8.46  unrealized=$+1.72  shares=29  elapsed=2m
2026-05-12 08:46:39,967 [INFO] monitor: SOXS  price=$8.63  stop=$8.46  unrealized=$+1.73  shares=29  elapsed=2m
2026-05-12 08:46:41,030 [INFO] monitor: SOXS  price=$8.64  stop=$8.46  unrealized=$+2.03  shares=29  elapsed=2m
2026-05-12 08:46:42,098 [INFO] monitor: SOXS  price=$8.63  stop=$8.46  unrealized=$+1.74  shares=29  elapsed=2m
2026-05-12 08:46:43,184 [INFO] monitor: SOXS  price=$8.62  stop=$8.46  unrealized=$+1.59  shares=29  elapsed=3m
2026-05-12 08:46:44,252 [INFO] monitor: SOXS  price=$8.63  stop=$8.46  unrealized=$+1.76  shares=29  elapsed=3m
2026-05-12 08:46:45,319 [INFO] monitor: SOXS  price=$8.64  stop=$8.46  unrealized=$+2.03  shares=29  elapsed=3m
2026-05-12 08:46:46,399 [INFO] monitor: SOXS  price=$8.63  stop=$8.46  unrealized=$+1.74  shares=29  elapsed=3m
2026-05-12 08:46:47,467 [INFO] monitor: SOXS  price=$8.62  stop=$8.46  unrealized=$+1.59  shares=29  elapsed=3m
2026-05-12 08:46:48,531 [INFO] monitor: SOXS  price=$8.62  stop=$8.46  unrealized=$+1.45  shares=29  elapsed=3m
2026-05-12 08:46:49,590 [INFO] monitor: SOXS  price=$8.62  stop=$8.46  unrealized=$+1.59  shares=29  elapsed=3m
2026-05-12 08:46:50,650 [INFO] monitor: SOXS  price=$8.62  stop=$8.46  unrealized=$+1.45  shares=29  elapsed=3m
2026-05-12 08:46:51,716 [INFO] monitor: SOXS  price=$8.62  stop=$8.46  unrealized=$+1.45  shares=29  elapsed=3m
2026-05-12 08:46:52,781 [INFO] monitor: SOXS  price=$8.62  stop=$8.46  unrealized=$+1.45  shares=29  elapsed=3m
2026-05-12 08:46:53,844 [INFO] monitor: SOXS  price=$8.61  stop=$8.46  unrealized=$+1.16  shares=29  elapsed=3m
2026-05-12 08:46:54,903 [INFO] monitor: SOXS  price=$8.62  stop=$8.46  unrealized=$+1.45  shares=29  elapsed=3m
2026-05-12 08:46:55,974 [INFO] monitor: SOXS  price=$8.62  stop=$8.46  unrealized=$+1.30  shares=29  elapsed=3m
2026-05-12 08:46:57,037 [INFO] monitor: SOXS  price=$8.61  stop=$8.46  unrealized=$+1.16  shares=29  elapsed=3m
2026-05-12 08:46:58,102 [INFO] monitor: SOXS  price=$8.61  stop=$8.46  unrealized=$+1.16  shares=29  elapsed=3m
2026-05-12 08:46:59,178 [INFO] monitor: SOXS  price=$8.62  stop=$8.46  unrealized=$+1.45  shares=29  elapsed=3m
2026-05-12 08:47:00,241 [INFO] monitor: SOXS  price=$8.62  stop=$8.46  unrealized=$+1.45  shares=29  elapsed=3m
2026-05-12 08:47:00,368 [INFO] monitor: SOXS: stop raised  candle_low=$8.59  atr=$0.0689  new_stop=$8.46 -> $8.56
2026-05-12 08:47:01,444 [INFO] monitor: SOXS  price=$8.63  stop=$8.56  unrealized=$+1.74  shares=29  elapsed=3m
2026-05-12 08:47:02,506 [INFO] monitor: SOXS  price=$8.64  stop=$8.56  unrealized=$+2.03  shares=29  elapsed=3m
2026-05-12 08:47:03,569 [INFO] monitor: SOXS  price=$8.62  stop=$8.56  unrealized=$+1.45  shares=29  elapsed=3m
2026-05-12 08:47:04,652 [INFO] monitor: SOXS  price=$8.61  stop=$8.56  unrealized=$+1.16  shares=29  elapsed=3m
2026-05-12 08:47:05,717 [INFO] monitor: SOXS  price=$8.62  stop=$8.56  unrealized=$+1.45  shares=29  elapsed=3m
2026-05-12 08:47:06,799 [INFO] monitor: SOXS  price=$8.62  stop=$8.56  unrealized=$+1.45  shares=29  elapsed=3m
2026-05-12 08:47:07,859 [INFO] monitor: SOXS  price=$8.62  stop=$8.56  unrealized=$+1.45  shares=29  elapsed=3m
2026-05-12 08:47:08,926 [INFO] monitor: SOXS  price=$8.63  stop=$8.56  unrealized=$+1.74  shares=29  elapsed=3m
2026-05-12 08:47:09,992 [INFO] monitor: SOXS  price=$8.63  stop=$8.56  unrealized=$+1.74  shares=29  elapsed=3m
2026-05-12 08:47:11,054 [INFO] monitor: SOXS  price=$8.64  stop=$8.56  unrealized=$+2.03  shares=29  elapsed=3m
2026-05-12 08:47:12,118 [INFO] monitor: SOXS  price=$8.64  stop=$8.56  unrealized=$+2.03  shares=29  elapsed=3m
2026-05-12 08:47:13,179 [INFO] monitor: SOXS  price=$8.65  stop=$8.56  unrealized=$+2.31  shares=29  elapsed=3m
2026-05-12 08:47:14,243 [INFO] monitor: SOXS  price=$8.65  stop=$8.56  unrealized=$+2.29  shares=29  elapsed=3m
2026-05-12 08:47:15,309 [INFO] monitor: SOXS  price=$8.65  stop=$8.56  unrealized=$+2.32  shares=29  elapsed=3m
2026-05-12 08:47:16,372 [INFO] monitor: SOXS  price=$8.65  stop=$8.56  unrealized=$+2.32  shares=29  elapsed=3m
2026-05-12 08:47:17,436 [INFO] monitor: SOXS  price=$8.65  stop=$8.56  unrealized=$+2.31  shares=29  elapsed=3m
2026-05-12 08:47:18,519 [INFO] monitor: SOXS  price=$8.65  stop=$8.56  unrealized=$+2.32  shares=29  elapsed=3m
2026-05-12 08:47:19,583 [INFO] monitor: SOXS  price=$8.65  stop=$8.56  unrealized=$+2.32  shares=29  elapsed=3m
2026-05-12 08:47:20,656 [INFO] monitor: SOXS  price=$8.66  stop=$8.56  unrealized=$+2.61  shares=29  elapsed=3m
2026-05-12 08:47:21,723 [INFO] monitor: SOXS  price=$8.66  stop=$8.56  unrealized=$+2.61  shares=29  elapsed=3m
2026-05-12 08:47:22,794 [INFO] monitor: SOXS  price=$8.68  stop=$8.56  unrealized=$+3.04  shares=29  elapsed=3m
2026-05-12 08:47:23,869 [INFO] monitor: SOXS  price=$8.67  stop=$8.56  unrealized=$+2.90  shares=29  elapsed=3m
2026-05-12 08:47:24,940 [INFO] monitor: SOXS  price=$8.68  stop=$8.56  unrealized=$+3.19  shares=29  elapsed=3m
2026-05-12 08:47:26,015 [INFO] monitor: SOXS  price=$8.68  stop=$8.56  unrealized=$+3.19  shares=29  elapsed=3m
2026-05-12 08:47:27,077 [INFO] monitor: SOXS  price=$8.68  stop=$8.56  unrealized=$+3.19  shares=29  elapsed=3m
2026-05-12 08:47:28,141 [INFO] monitor: SOXS  price=$8.68  stop=$8.56  unrealized=$+3.19  shares=29  elapsed=3m
2026-05-12 08:47:29,216 [INFO] monitor: SOXS  price=$8.69  stop=$8.56  unrealized=$+3.48  shares=29  elapsed=3m
2026-05-12 08:47:30,281 [INFO] monitor: SOXS  price=$8.72  stop=$8.56  unrealized=$+4.35  shares=29  elapsed=3m
2026-05-12 08:47:31,347 [INFO] monitor: SOXS  price=$8.71  stop=$8.56  unrealized=$+4.06  shares=29  elapsed=3m
2026-05-12 08:47:32,409 [INFO] monitor: SOXS  price=$8.71  stop=$8.56  unrealized=$+4.21  shares=29  elapsed=3m
2026-05-12 08:47:33,471 [INFO] monitor: SOXS  price=$8.72  stop=$8.56  unrealized=$+4.39  shares=29  elapsed=3m
2026-05-12 08:47:34,538 [INFO] monitor: SOXS  price=$8.72  stop=$8.56  unrealized=$+4.50  shares=29  elapsed=3m
2026-05-12 08:47:35,625 [INFO] monitor: SOXS  price=$8.72  stop=$8.56  unrealized=$+4.36  shares=29  elapsed=3m
2026-05-12 08:47:36,687 [INFO] monitor: SOXS  price=$8.72  stop=$8.56  unrealized=$+4.35  shares=29  elapsed=3m
2026-05-12 08:47:37,762 [INFO] monitor: SOXS  price=$8.71  stop=$8.56  unrealized=$+4.21  shares=29  elapsed=3m
2026-05-12 08:47:38,827 [INFO] monitor: SOXS  price=$8.72  stop=$8.56  unrealized=$+4.35  shares=29  elapsed=3m
2026-05-12 08:47:39,896 [INFO] monitor: SOXS  price=$8.72  stop=$8.56  unrealized=$+4.34  shares=29  elapsed=3m
2026-05-12 08:47:40,964 [INFO] monitor: SOXS  price=$8.72  stop=$8.56  unrealized=$+4.35  shares=29  elapsed=3m
2026-05-12 08:47:42,028 [INFO] monitor: SOXS  price=$8.72  stop=$8.56  unrealized=$+4.35  shares=29  elapsed=3m
2026-05-12 08:47:43,092 [INFO] monitor: SOXS  price=$8.73  stop=$8.56  unrealized=$+4.60  shares=29  elapsed=4m
2026-05-12 08:47:44,166 [INFO] monitor: SOXS  price=$8.73  stop=$8.56  unrealized=$+4.64  shares=29  elapsed=4m
2026-05-12 08:47:45,228 [INFO] monitor: SOXS  price=$8.72  stop=$8.56  unrealized=$+4.32  shares=29  elapsed=4m
2026-05-12 08:47:46,300 [INFO] monitor: SOXS  price=$8.72  stop=$8.56  unrealized=$+4.32  shares=29  elapsed=4m
2026-05-12 08:47:47,363 [INFO] monitor: SOXS  price=$8.71  stop=$8.56  unrealized=$+4.21  shares=29  elapsed=4m
2026-05-12 08:47:48,423 [INFO] monitor: SOXS  price=$8.73  stop=$8.56  unrealized=$+4.64  shares=29  elapsed=4m
2026-05-12 08:47:49,487 [INFO] monitor: SOXS  price=$8.72  stop=$8.56  unrealized=$+4.35  shares=29  elapsed=4m
2026-05-12 08:47:50,552 [INFO] monitor: SOXS  price=$8.71  stop=$8.56  unrealized=$+4.21  shares=29  elapsed=4m
2026-05-12 08:47:51,617 [INFO] monitor: SOXS  price=$8.72  stop=$8.56  unrealized=$+4.29  shares=29  elapsed=4m
2026-05-12 08:47:52,675 [INFO] monitor: SOXS  price=$8.71  stop=$8.56  unrealized=$+4.06  shares=29  elapsed=4m
2026-05-12 08:47:53,736 [INFO] monitor: SOXS  price=$8.72  stop=$8.56  unrealized=$+4.35  shares=29  elapsed=4m
2026-05-12 08:47:54,799 [INFO] monitor: SOXS  price=$8.72  stop=$8.56  unrealized=$+4.35  shares=29  elapsed=4m
2026-05-12 08:47:55,862 [INFO] monitor: SOXS  price=$8.72  stop=$8.56  unrealized=$+4.35  shares=29  elapsed=4m
2026-05-12 08:47:56,926 [INFO] monitor: SOXS  price=$8.73  stop=$8.56  unrealized=$+4.63  shares=29  elapsed=4m
2026-05-12 08:47:57,990 [INFO] monitor: SOXS  price=$8.73  stop=$8.56  unrealized=$+4.64  shares=29  elapsed=4m
2026-05-12 08:47:59,054 [INFO] monitor: SOXS  price=$8.73  stop=$8.56  unrealized=$+4.57  shares=29  elapsed=4m
2026-05-12 08:48:00,117 [INFO] monitor: SOXS  price=$8.73  stop=$8.56  unrealized=$+4.64  shares=29  elapsed=4m
2026-05-12 08:48:00,202 [INFO] monitor: SOXS: stop raised  candle_low=$8.61  atr=$0.0682  new_stop=$8.56 -> $8.58
2026-05-12 08:48:01,265 [INFO] monitor: SOXS  price=$8.73  stop=$8.58  unrealized=$+4.79  shares=29  elapsed=4m
2026-05-12 08:48:02,336 [INFO] monitor: SOXS  price=$8.73  stop=$8.58  unrealized=$+4.79  shares=29  elapsed=4m
2026-05-12 08:48:03,412 [INFO] monitor: SOXS  price=$8.74  stop=$8.58  unrealized=$+4.87  shares=29  elapsed=4m
2026-05-12 08:48:04,480 [INFO] monitor: SOXS  price=$8.73  stop=$8.58  unrealized=$+4.64  shares=29  elapsed=4m
2026-05-12 08:48:05,544 [INFO] monitor: SOXS  price=$8.73  stop=$8.58  unrealized=$+4.67  shares=29  elapsed=4m
2026-05-12 08:48:06,610 [INFO] monitor: SOXS  price=$8.74  stop=$8.58  unrealized=$+4.93  shares=29  elapsed=4m
2026-05-12 08:48:07,684 [INFO] monitor: SOXS  price=$8.73  stop=$8.58  unrealized=$+4.79  shares=29  elapsed=4m
2026-05-12 08:48:08,748 [INFO] monitor: SOXS  price=$8.74  stop=$8.58  unrealized=$+4.93  shares=29  elapsed=4m
2026-05-12 08:48:09,829 [INFO] monitor: SOXS  price=$8.73  stop=$8.58  unrealized=$+4.64  shares=29  elapsed=4m
2026-05-12 08:48:10,899 [INFO] monitor: SOXS  price=$8.73  stop=$8.58  unrealized=$+4.64  shares=29  elapsed=4m
2026-05-12 08:48:11,998 [INFO] monitor: SOXS  price=$8.73  stop=$8.58  unrealized=$+4.64  shares=29  elapsed=4m
2026-05-12 08:48:13,056 [INFO] monitor: SOXS  price=$8.72  stop=$8.58  unrealized=$+4.50  shares=29  elapsed=4m
2026-05-12 08:48:14,116 [INFO] monitor: SOXS  price=$8.72  stop=$8.58  unrealized=$+4.38  shares=29  elapsed=4m
2026-05-12 08:48:15,187 [INFO] monitor: SOXS  price=$8.73  stop=$8.58  unrealized=$+4.64  shares=29  elapsed=4m
2026-05-12 08:48:16,269 [INFO] monitor: SOXS  price=$8.72  stop=$8.58  unrealized=$+4.35  shares=29  elapsed=4m
2026-05-12 08:48:17,339 [INFO] monitor: SOXS  price=$8.73  stop=$8.58  unrealized=$+4.64  shares=29  elapsed=4m
2026-05-12 08:48:18,405 [INFO] monitor: SOXS  price=$8.72  stop=$8.58  unrealized=$+4.35  shares=29  elapsed=4m
2026-05-12 08:48:19,468 [INFO] monitor: SOXS  price=$8.73  stop=$8.58  unrealized=$+4.64  shares=29  elapsed=4m
2026-05-12 08:48:20,530 [INFO] monitor: SOXS  price=$8.73  stop=$8.58  unrealized=$+4.64  shares=29  elapsed=4m
2026-05-12 08:48:21,611 [INFO] monitor: SOXS  price=$8.73  stop=$8.58  unrealized=$+4.60  shares=29  elapsed=4m
2026-05-12 08:48:22,675 [INFO] monitor: SOXS  price=$8.75  stop=$8.58  unrealized=$+5.22  shares=29  elapsed=4m
2026-05-12 08:48:23,737 [INFO] monitor: SOXS  price=$8.74  stop=$8.58  unrealized=$+4.93  shares=29  elapsed=4m
2026-05-12 08:48:24,798 [INFO] monitor: SOXS  price=$8.73  stop=$8.58  unrealized=$+4.64  shares=29  elapsed=4m
2026-05-12 08:48:25,861 [INFO] monitor: SOXS  price=$8.73  stop=$8.58  unrealized=$+4.79  shares=29  elapsed=4m
2026-05-12 08:48:26,934 [INFO] monitor: SOXS  price=$8.73  stop=$8.58  unrealized=$+4.64  shares=29  elapsed=4m
2026-05-12 08:48:27,994 [INFO] monitor: SOXS  price=$8.73  stop=$8.58  unrealized=$+4.62  shares=29  elapsed=4m
2026-05-12 08:48:29,064 [INFO] monitor: SOXS  price=$8.72  stop=$8.58  unrealized=$+4.50  shares=29  elapsed=4m
2026-05-12 08:48:30,130 [INFO] monitor: SOXS  price=$8.72  stop=$8.58  unrealized=$+4.35  shares=29  elapsed=4m
2026-05-12 08:48:31,192 [INFO] monitor: SOXS  price=$8.72  stop=$8.58  unrealized=$+4.35  shares=29  elapsed=4m
2026-05-12 08:48:32,253 [INFO] monitor: SOXS  price=$8.71  stop=$8.58  unrealized=$+4.21  shares=29  elapsed=4m
2026-05-12 08:48:33,315 [INFO] monitor: SOXS  price=$8.71  stop=$8.58  unrealized=$+4.06  shares=29  elapsed=4m
2026-05-12 08:48:34,381 [INFO] monitor: SOXS  price=$8.70  stop=$8.58  unrealized=$+3.77  shares=29  elapsed=4m
2026-05-12 08:48:35,443 [INFO] monitor: SOXS  price=$8.71  stop=$8.58  unrealized=$+4.06  shares=29  elapsed=4m
2026-05-12 08:48:36,505 [INFO] monitor: SOXS  price=$8.71  stop=$8.58  unrealized=$+3.92  shares=29  elapsed=4m
2026-05-12 08:48:37,569 [INFO] monitor: SOXS  price=$8.71  stop=$8.58  unrealized=$+4.06  shares=29  elapsed=4m
2026-05-12 08:48:38,631 [INFO] monitor: SOXS  price=$8.71  stop=$8.58  unrealized=$+4.06  shares=29  elapsed=4m
2026-05-12 08:48:39,693 [INFO] monitor: SOXS  price=$8.71  stop=$8.58  unrealized=$+4.04  shares=29  elapsed=4m
2026-05-12 08:48:40,756 [INFO] monitor: SOXS  price=$8.71  stop=$8.58  unrealized=$+3.92  shares=29  elapsed=4m
2026-05-12 08:48:41,817 [INFO] monitor: SOXS  price=$8.70  stop=$8.58  unrealized=$+3.77  shares=29  elapsed=4m
2026-05-12 08:48:42,882 [INFO] monitor: SOXS  price=$8.70  stop=$8.58  unrealized=$+3.76  shares=29  elapsed=4m
2026-05-12 08:48:43,944 [INFO] monitor: SOXS  price=$8.69  stop=$8.58  unrealized=$+3.48  shares=29  elapsed=5m
2026-05-12 08:48:45,005 [INFO] monitor: SOXS  price=$8.70  stop=$8.58  unrealized=$+3.62  shares=29  elapsed=5m
2026-05-12 08:48:46,071 [INFO] monitor: SOXS  price=$8.70  stop=$8.58  unrealized=$+3.77  shares=29  elapsed=5m
2026-05-12 08:48:47,146 [INFO] monitor: SOXS  price=$8.69  stop=$8.58  unrealized=$+3.48  shares=29  elapsed=5m
2026-05-12 08:48:48,208 [INFO] monitor: SOXS  price=$8.70  stop=$8.58  unrealized=$+3.77  shares=29  elapsed=5m
2026-05-12 08:48:49,272 [INFO] monitor: SOXS  price=$8.70  stop=$8.58  unrealized=$+3.77  shares=29  elapsed=5m
2026-05-12 08:48:50,335 [INFO] monitor: SOXS  price=$8.71  stop=$8.58  unrealized=$+3.92  shares=29  elapsed=5m
2026-05-12 08:48:51,396 [INFO] monitor: SOXS  price=$8.71  stop=$8.58  unrealized=$+3.92  shares=29  elapsed=5m
2026-05-12 08:48:52,459 [INFO] monitor: SOXS  price=$8.71  stop=$8.58  unrealized=$+4.06  shares=29  elapsed=5m
2026-05-12 08:48:53,521 [INFO] monitor: SOXS  price=$8.72  stop=$8.58  unrealized=$+4.29  shares=29  elapsed=5m
2026-05-12 08:48:54,597 [INFO] monitor: SOXS  price=$8.72  stop=$8.58  unrealized=$+4.35  shares=29  elapsed=5m
2026-05-12 08:48:55,663 [INFO] monitor: SOXS  price=$8.72  stop=$8.58  unrealized=$+4.35  shares=29  elapsed=5m
2026-05-12 08:48:56,761 [INFO] monitor: SOXS  price=$8.71  stop=$8.58  unrealized=$+4.06  shares=29  elapsed=5m
2026-05-12 08:48:57,825 [INFO] monitor: SOXS  price=$8.72  stop=$8.58  unrealized=$+4.35  shares=29  elapsed=5m
2026-05-12 08:48:59,183 [INFO] monitor: SOXS  price=$8.73  stop=$8.58  unrealized=$+4.64  shares=29  elapsed=5m
2026-05-12 08:49:00,258 [INFO] monitor: SOXS  price=$8.73  stop=$8.58  unrealized=$+4.60  shares=29  elapsed=5m
2026-05-12 08:49:00,350 [INFO] monitor: SOXS: stop raised  candle_low=$8.62  atr=$0.0729  new_stop=$8.58 -> $8.58
2026-05-12 08:49:01,416 [INFO] monitor: SOXS  price=$8.73  stop=$8.58  unrealized=$+4.57  shares=29  elapsed=5m
2026-05-12 08:49:02,486 [INFO] monitor: SOXS  price=$8.72  stop=$8.58  unrealized=$+4.35  shares=29  elapsed=5m
2026-05-12 08:49:03,546 [INFO] monitor: SOXS  price=$8.72  stop=$8.58  unrealized=$+4.35  shares=29  elapsed=5m
2026-05-12 08:49:04,618 [INFO] monitor: SOXS  price=$8.72  stop=$8.58  unrealized=$+4.35  shares=29  elapsed=5m
2026-05-12 08:49:05,724 [INFO] monitor: SOXS  price=$8.72  stop=$8.58  unrealized=$+4.35  shares=29  elapsed=5m
2026-05-12 08:49:06,789 [INFO] monitor: SOXS  price=$8.73  stop=$8.58  unrealized=$+4.64  shares=29  elapsed=5m
2026-05-12 08:49:07,865 [INFO] monitor: SOXS  price=$8.72  stop=$8.58  unrealized=$+4.35  shares=29  elapsed=5m
2026-05-12 08:49:08,947 [INFO] monitor: SOXS  price=$8.72  stop=$8.58  unrealized=$+4.50  shares=29  elapsed=5m
2026-05-12 08:49:10,016 [INFO] monitor: SOXS  price=$8.72  stop=$8.58  unrealized=$+4.50  shares=29  elapsed=5m
2026-05-12 08:49:11,107 [INFO] monitor: SOXS  price=$8.73  stop=$8.58  unrealized=$+4.64  shares=29  elapsed=5m
2026-05-12 08:49:12,168 [INFO] monitor: SOXS  price=$8.72  stop=$8.58  unrealized=$+4.35  shares=29  elapsed=5m
2026-05-12 08:49:13,229 [INFO] monitor: SOXS  price=$8.73  stop=$8.58  unrealized=$+4.64  shares=29  elapsed=5m
2026-05-12 08:49:14,288 [INFO] monitor: SOXS  price=$8.73  stop=$8.58  unrealized=$+4.66  shares=29  elapsed=5m
2026-05-12 08:49:15,364 [INFO] monitor: SOXS  price=$8.73  stop=$8.58  unrealized=$+4.64  shares=29  elapsed=5m
2026-05-12 08:49:16,439 [INFO] monitor: SOXS  price=$8.73  stop=$8.58  unrealized=$+4.66  shares=29  elapsed=5m
2026-05-12 08:49:17,497 [INFO] monitor: SOXS  price=$8.73  stop=$8.58  unrealized=$+4.64  shares=29  elapsed=5m
2026-05-12 08:49:18,555 [INFO] monitor: SOXS  price=$8.74  stop=$8.58  unrealized=$+4.93  shares=29  elapsed=5m
2026-05-12 08:49:19,617 [INFO] monitor: SOXS  price=$8.73  stop=$8.58  unrealized=$+4.64  shares=29  elapsed=5m
2026-05-12 08:49:20,677 [INFO] monitor: SOXS  price=$8.72  stop=$8.58  unrealized=$+4.50  shares=29  elapsed=5m
2026-05-12 08:49:21,733 [INFO] monitor: SOXS  price=$8.73  stop=$8.58  unrealized=$+4.64  shares=29  elapsed=5m
2026-05-12 08:49:22,791 [INFO] monitor: SOXS  price=$8.72  stop=$8.58  unrealized=$+4.50  shares=29  elapsed=5m
2026-05-12 08:49:23,867 [INFO] monitor: SOXS  price=$8.73  stop=$8.58  unrealized=$+4.64  shares=29  elapsed=5m
2026-05-12 08:49:24,934 [INFO] monitor: SOXS  price=$8.73  stop=$8.58  unrealized=$+4.79  shares=29  elapsed=5m
2026-05-12 08:49:25,995 [INFO] monitor: SOXS  price=$8.73  stop=$8.58  unrealized=$+4.65  shares=29  elapsed=5m
2026-05-12 08:49:27,053 [INFO] monitor: SOXS  price=$8.73  stop=$8.58  unrealized=$+4.79  shares=29  elapsed=5m
2026-05-12 08:49:28,112 [INFO] monitor: SOXS  price=$8.73  stop=$8.58  unrealized=$+4.64  shares=29  elapsed=5m
2026-05-12 08:49:29,174 [INFO] monitor: SOXS  price=$8.73  stop=$8.58  unrealized=$+4.60  shares=29  elapsed=5m
2026-05-12 08:49:30,246 [INFO] monitor: SOXS  price=$8.71  stop=$8.58  unrealized=$+4.06  shares=29  elapsed=5m
2026-05-12 08:49:31,317 [INFO] monitor: SOXS  price=$8.71  stop=$8.58  unrealized=$+3.92  shares=29  elapsed=5m
2026-05-12 08:49:32,383 [INFO] monitor: SOXS  price=$8.70  stop=$8.58  unrealized=$+3.77  shares=29  elapsed=5m
2026-05-12 08:49:33,445 [INFO] monitor: SOXS  price=$8.70  stop=$8.58  unrealized=$+3.84  shares=29  elapsed=5m
2026-05-12 08:49:34,505 [INFO] monitor: SOXS  price=$8.71  stop=$8.58  unrealized=$+4.21  shares=29  elapsed=5m
2026-05-12 08:49:35,571 [INFO] monitor: SOXS  price=$8.71  stop=$8.58  unrealized=$+4.06  shares=29  elapsed=5m
2026-05-12 08:49:36,634 [INFO] monitor: SOXS  price=$8.71  stop=$8.58  unrealized=$+4.06  shares=29  elapsed=5m
2026-05-12 08:49:37,693 [INFO] monitor: SOXS  price=$8.71  stop=$8.58  unrealized=$+4.06  shares=29  elapsed=5m
2026-05-12 08:49:38,752 [INFO] monitor: SOXS  price=$8.70  stop=$8.58  unrealized=$+3.77  shares=29  elapsed=5m
2026-05-12 08:49:39,811 [INFO] monitor: SOXS  price=$8.71  stop=$8.58  unrealized=$+4.06  shares=29  elapsed=5m
2026-05-12 08:49:40,871 [INFO] monitor: SOXS  price=$8.71  stop=$8.58  unrealized=$+3.92  shares=29  elapsed=5m
2026-05-12 08:49:41,930 [INFO] monitor: SOXS  price=$8.70  stop=$8.58  unrealized=$+3.77  shares=29  elapsed=5m
2026-05-12 08:49:42,991 [INFO] monitor: SOXS  price=$8.69  stop=$8.58  unrealized=$+3.48  shares=29  elapsed=5m
2026-05-12 08:49:44,058 [INFO] monitor: SOXS  price=$8.70  stop=$8.58  unrealized=$+3.77  shares=29  elapsed=6m
2026-05-12 08:49:45,116 [INFO] monitor: SOXS  price=$8.70  stop=$8.58  unrealized=$+3.77  shares=29  elapsed=6m
2026-05-12 08:49:46,179 [INFO] monitor: SOXS  price=$8.70  stop=$8.58  unrealized=$+3.77  shares=29  elapsed=6m
2026-05-12 08:49:47,240 [INFO] monitor: SOXS  price=$8.70  stop=$8.58  unrealized=$+3.77  shares=29  elapsed=6m
2026-05-12 08:49:48,302 [INFO] monitor: SOXS  price=$8.70  stop=$8.58  unrealized=$+3.62  shares=29  elapsed=6m
2026-05-12 08:49:49,362 [INFO] monitor: SOXS  price=$8.71  stop=$8.58  unrealized=$+3.92  shares=29  elapsed=6m
2026-05-12 08:49:50,447 [INFO] monitor: SOXS  price=$8.71  stop=$8.58  unrealized=$+4.06  shares=29  elapsed=6m
2026-05-12 08:49:51,506 [INFO] monitor: SOXS  price=$8.71  stop=$8.58  unrealized=$+3.92  shares=29  elapsed=6m
2026-05-12 08:49:52,566 [INFO] monitor: SOXS  price=$8.71  stop=$8.58  unrealized=$+3.98  shares=29  elapsed=6m
2026-05-12 08:49:53,627 [INFO] monitor: SOXS  price=$8.70  stop=$8.58  unrealized=$+3.77  shares=29  elapsed=6m
2026-05-12 08:49:54,694 [INFO] monitor: SOXS  price=$8.71  stop=$8.58  unrealized=$+3.96  shares=29  elapsed=6m
2026-05-12 08:49:55,756 [INFO] monitor: SOXS  price=$8.72  stop=$8.58  unrealized=$+4.35  shares=29  elapsed=6m
2026-05-12 08:49:56,825 [INFO] monitor: SOXS  price=$8.72  stop=$8.58  unrealized=$+4.50  shares=29  elapsed=6m
2026-05-12 08:49:57,885 [INFO] monitor: SOXS  price=$8.71  stop=$8.58  unrealized=$+4.21  shares=29  elapsed=6m
2026-05-12 08:49:58,963 [INFO] monitor: SOXS  price=$8.72  stop=$8.58  unrealized=$+4.35  shares=29  elapsed=6m
2026-05-12 08:50:00,030 [INFO] monitor: SOXS  price=$8.72  stop=$8.58  unrealized=$+4.50  shares=29  elapsed=6m
2026-05-12 08:50:00,105 [INFO] monitor: SOXS: stop raised  candle_low=$8.70  atr=$0.0682  new_stop=$8.58 -> $8.67
2026-05-12 08:50:01,185 [INFO] monitor: SOXS  price=$8.74  stop=$8.67  unrealized=$+4.93  shares=29  elapsed=6m
2026-05-12 08:50:02,274 [INFO] monitor: SOXS  price=$8.75  stop=$8.67  unrealized=$+5.22  shares=29  elapsed=6m
2026-05-12 08:50:03,348 [INFO] monitor: SOXS  price=$8.75  stop=$8.67  unrealized=$+5.22  shares=29  elapsed=6m
2026-05-12 08:50:04,416 [INFO] monitor: SOXS  price=$8.74  stop=$8.67  unrealized=$+5.08  shares=29  elapsed=6m
2026-05-12 08:50:05,584 [INFO] monitor: SOXS  price=$8.75  stop=$8.67  unrealized=$+5.22  shares=29  elapsed=6m
2026-05-12 08:50:06,646 [INFO] monitor: SOXS  price=$8.76  stop=$8.67  unrealized=$+5.51  shares=29  elapsed=6m
2026-05-12 08:50:07,706 [INFO] monitor: SOXS  price=$8.76  stop=$8.67  unrealized=$+5.37  shares=29  elapsed=6m
2026-05-12 08:50:08,763 [INFO] monitor: SOXS  price=$8.76  stop=$8.67  unrealized=$+5.37  shares=29  elapsed=6m
2026-05-12 08:50:09,825 [INFO] monitor: SOXS  price=$8.75  stop=$8.67  unrealized=$+5.22  shares=29  elapsed=6m
2026-05-12 08:50:10,885 [INFO] monitor: SOXS  price=$8.76  stop=$8.67  unrealized=$+5.51  shares=29  elapsed=6m
2026-05-12 08:50:11,945 [INFO] monitor: SOXS  price=$8.76  stop=$8.67  unrealized=$+5.51  shares=29  elapsed=6m
2026-05-12 08:50:13,009 [INFO] monitor: SOXS  price=$8.76  stop=$8.67  unrealized=$+5.37  shares=29  elapsed=6m
2026-05-12 08:50:14,068 [INFO] monitor: SOXS  price=$8.75  stop=$8.67  unrealized=$+5.22  shares=29  elapsed=6m
2026-05-12 08:50:15,138 [INFO] monitor: SOXS  price=$8.74  stop=$8.67  unrealized=$+5.08  shares=29  elapsed=6m
2026-05-12 08:50:16,200 [INFO] monitor: SOXS  price=$8.74  stop=$8.67  unrealized=$+4.93  shares=29  elapsed=6m
2026-05-12 08:50:17,261 [INFO] monitor: SOXS  price=$8.74  stop=$8.67  unrealized=$+4.90  shares=29  elapsed=6m
2026-05-12 08:50:18,325 [INFO] monitor: SOXS  price=$8.72  stop=$8.67  unrealized=$+4.50  shares=29  elapsed=6m
2026-05-12 08:50:19,389 [INFO] monitor: SOXS  price=$8.72  stop=$8.67  unrealized=$+4.35  shares=29  elapsed=6m
2026-05-12 08:50:20,491 [INFO] monitor: SOXS  price=$8.74  stop=$8.67  unrealized=$+4.85  shares=29  elapsed=6m
2026-05-12 08:50:21,555 [INFO] monitor: SOXS  price=$8.74  stop=$8.67  unrealized=$+4.93  shares=29  elapsed=6m
2026-05-12 08:50:22,623 [INFO] monitor: SOXS  price=$8.75  stop=$8.67  unrealized=$+5.22  shares=29  elapsed=6m
2026-05-12 08:50:23,681 [INFO] monitor: SOXS  price=$8.75  stop=$8.67  unrealized=$+5.22  shares=29  elapsed=6m
2026-05-12 08:50:24,757 [INFO] monitor: SOXS  price=$8.76  stop=$8.67  unrealized=$+5.37  shares=29  elapsed=6m
2026-05-12 08:50:25,822 [INFO] monitor: SOXS  price=$8.75  stop=$8.67  unrealized=$+5.23  shares=29  elapsed=6m
2026-05-12 08:50:26,880 [INFO] monitor: SOXS  price=$8.76  stop=$8.67  unrealized=$+5.51  shares=29  elapsed=6m
2026-05-12 08:50:27,939 [INFO] monitor: SOXS  price=$8.77  stop=$8.67  unrealized=$+5.66  shares=29  elapsed=6m
2026-05-12 08:50:29,002 [INFO] monitor: SOXS  price=$8.76  stop=$8.67  unrealized=$+5.57  shares=29  elapsed=6m
2026-05-12 08:50:30,064 [INFO] monitor: SOXS  price=$8.77  stop=$8.67  unrealized=$+5.72  shares=29  elapsed=6m
2026-05-12 08:50:31,120 [INFO] monitor: SOXS  price=$8.77  stop=$8.67  unrealized=$+5.66  shares=29  elapsed=6m
2026-05-12 08:50:32,186 [INFO] monitor: SOXS  price=$8.77  stop=$8.67  unrealized=$+5.66  shares=29  elapsed=6m
2026-05-12 08:50:33,246 [INFO] monitor: SOXS  price=$8.78  stop=$8.67  unrealized=$+5.95  shares=29  elapsed=6m
2026-05-12 08:50:34,306 [INFO] monitor: SOXS  price=$8.78  stop=$8.67  unrealized=$+6.08  shares=29  elapsed=6m
2026-05-12 08:50:35,374 [INFO] monitor: SOXS  price=$8.78  stop=$8.67  unrealized=$+5.95  shares=29  elapsed=6m
2026-05-12 08:50:36,432 [INFO] monitor: SOXS  price=$8.77  stop=$8.67  unrealized=$+5.80  shares=29  elapsed=6m
2026-05-12 08:50:37,491 [INFO] monitor: SOXS  price=$8.77  stop=$8.67  unrealized=$+5.76  shares=29  elapsed=6m
2026-05-12 08:50:38,552 [INFO] monitor: SOXS  price=$8.77  stop=$8.67  unrealized=$+5.66  shares=29  elapsed=6m
2026-05-12 08:50:39,612 [INFO] monitor: SOXS  price=$8.77  stop=$8.67  unrealized=$+5.66  shares=29  elapsed=6m
2026-05-12 08:50:40,675 [INFO] monitor: SOXS  price=$8.77  stop=$8.67  unrealized=$+5.80  shares=29  elapsed=6m
2026-05-12 08:50:41,737 [INFO] monitor: SOXS  price=$8.77  stop=$8.67  unrealized=$+5.80  shares=29  elapsed=6m
2026-05-12 08:50:42,800 [INFO] monitor: SOXS  price=$8.78  stop=$8.67  unrealized=$+5.95  shares=29  elapsed=6m
2026-05-12 08:50:43,872 [INFO] monitor: SOXS  price=$8.78  stop=$8.67  unrealized=$+6.09  shares=29  elapsed=7m
2026-05-12 08:50:44,934 [INFO] monitor: SOXS  price=$8.77  stop=$8.67  unrealized=$+5.79  shares=29  elapsed=7m
2026-05-12 08:50:46,008 [INFO] monitor: SOXS  price=$8.77  stop=$8.67  unrealized=$+5.74  shares=29  elapsed=7m
2026-05-12 08:50:47,072 [INFO] monitor: SOXS  price=$8.77  stop=$8.67  unrealized=$+5.73  shares=29  elapsed=7m
2026-05-12 08:50:48,133 [INFO] monitor: SOXS  price=$8.77  stop=$8.67  unrealized=$+5.88  shares=29  elapsed=7m
2026-05-12 08:50:49,205 [INFO] monitor: SOXS  price=$8.78  stop=$8.67  unrealized=$+6.08  shares=29  elapsed=7m
2026-05-12 08:50:50,278 [INFO] monitor: SOXS  price=$8.77  stop=$8.67  unrealized=$+5.80  shares=29  elapsed=7m
2026-05-12 08:50:51,353 [INFO] monitor: SOXS  price=$8.78  stop=$8.67  unrealized=$+6.09  shares=29  elapsed=7m
2026-05-12 08:50:52,414 [INFO] monitor: SOXS  price=$8.78  stop=$8.67  unrealized=$+6.09  shares=29  elapsed=7m
2026-05-12 08:50:53,474 [INFO] monitor: SOXS  price=$8.78  stop=$8.67  unrealized=$+6.09  shares=29  elapsed=7m
2026-05-12 08:50:54,538 [INFO] monitor: SOXS  price=$8.79  stop=$8.67  unrealized=$+6.30  shares=29  elapsed=7m
2026-05-12 08:50:55,605 [INFO] monitor: SOXS  price=$8.79  stop=$8.67  unrealized=$+6.53  shares=29  elapsed=7m
2026-05-12 08:50:56,667 [INFO] monitor: SOXS  price=$8.80  stop=$8.67  unrealized=$+6.67  shares=29  elapsed=7m
2026-05-12 08:50:57,865 [INFO] monitor: SOXS  price=$8.79  stop=$8.67  unrealized=$+6.38  shares=29  elapsed=7m
2026-05-12 08:50:58,927 [INFO] monitor: SOXS  price=$8.79  stop=$8.67  unrealized=$+6.38  shares=29  elapsed=7m
2026-05-12 08:50:59,992 [INFO] monitor: SOXS  price=$8.79  stop=$8.67  unrealized=$+6.24  shares=29  elapsed=7m
2026-05-12 08:51:01,066 [INFO] monitor: SOXS  price=$8.77  stop=$8.67  unrealized=$+5.80  shares=29  elapsed=7m
2026-05-12 08:51:01,174 [INFO] monitor: SOXS: stop raised  candle_low=$8.73  atr=$0.0650  new_stop=$8.67 -> $8.70
2026-05-12 08:51:02,287 [INFO] monitor: SOXS  price=$8.79  stop=$8.70  unrealized=$+6.35  shares=29  elapsed=7m
2026-05-12 08:51:03,355 [INFO] monitor: SOXS  price=$8.79  stop=$8.70  unrealized=$+6.38  shares=29  elapsed=7m
2026-05-12 08:51:04,417 [INFO] monitor: SOXS  price=$8.79  stop=$8.70  unrealized=$+6.38  shares=29  elapsed=7m
2026-05-12 08:51:05,488 [INFO] monitor: SOXS  price=$8.78  stop=$8.70  unrealized=$+6.09  shares=29  elapsed=7m
2026-05-12 08:51:06,559 [INFO] monitor: SOXS  price=$8.79  stop=$8.70  unrealized=$+6.24  shares=29  elapsed=7m
2026-05-12 08:51:07,623 [INFO] monitor: SOXS  price=$8.79  stop=$8.70  unrealized=$+6.38  shares=29  elapsed=7m
2026-05-12 08:51:08,692 [INFO] monitor: SOXS  price=$8.78  stop=$8.70  unrealized=$+6.09  shares=29  elapsed=7m
2026-05-12 08:51:09,758 [INFO] monitor: SOXS  price=$8.76  stop=$8.70  unrealized=$+5.51  shares=29  elapsed=7m
2026-05-12 08:51:10,820 [INFO] monitor: SOXS  price=$8.77  stop=$8.70  unrealized=$+5.80  shares=29  elapsed=7m
2026-05-12 08:51:11,879 [INFO] monitor: SOXS  price=$8.76  stop=$8.70  unrealized=$+5.51  shares=29  elapsed=7m
2026-05-12 08:51:12,943 [INFO] monitor: SOXS  price=$8.76  stop=$8.70  unrealized=$+5.37  shares=29  elapsed=7m
2026-05-12 08:51:14,010 [INFO] monitor: SOXS  price=$8.73  stop=$8.70  unrealized=$+4.64  shares=29  elapsed=7m
2026-05-12 08:51:15,086 [INFO] monitor: SOXS  price=$8.73  stop=$8.70  unrealized=$+4.64  shares=29  elapsed=7m
2026-05-12 08:51:16,146 [INFO] monitor: SOXS  price=$8.73  stop=$8.70  unrealized=$+4.50  shares=29  elapsed=7m
2026-05-12 08:51:17,298 [INFO] monitor: SOXS  price=$8.73  stop=$8.70  unrealized=$+4.64  shares=29  elapsed=7m
2026-05-12 08:51:18,355 [INFO] monitor: SOXS  price=$8.73  stop=$8.70  unrealized=$+4.79  shares=29  elapsed=7m
2026-05-12 08:51:19,418 [INFO] monitor: SOXS  price=$8.73  stop=$8.70  unrealized=$+4.79  shares=29  elapsed=7m
2026-05-12 08:51:20,487 [INFO] monitor: SOXS  price=$8.74  stop=$8.70  unrealized=$+4.93  shares=29  elapsed=7m
2026-05-12 08:51:21,556 [INFO] monitor: SOXS  price=$8.75  stop=$8.70  unrealized=$+5.24  shares=29  elapsed=7m
2026-05-12 08:51:22,622 [INFO] monitor: SOXS  price=$8.74  stop=$8.70  unrealized=$+4.93  shares=29  elapsed=7m
2026-05-12 08:51:23,682 [INFO] monitor: SOXS  price=$8.75  stop=$8.70  unrealized=$+5.22  shares=29  elapsed=7m
2026-05-12 08:51:24,749 [INFO] monitor: SOXS  price=$8.74  stop=$8.70  unrealized=$+5.08  shares=29  elapsed=7m
2026-05-12 08:51:25,813 [INFO] monitor: SOXS  price=$8.75  stop=$8.70  unrealized=$+5.18  shares=29  elapsed=7m
2026-05-12 08:51:26,875 [INFO] monitor: SOXS  price=$8.74  stop=$8.70  unrealized=$+5.08  shares=29  elapsed=7m
2026-05-12 08:51:27,936 [INFO] monitor: SOXS  price=$8.75  stop=$8.70  unrealized=$+5.22  shares=29  elapsed=7m
2026-05-12 08:51:29,036 [INFO] monitor: SOXS  price=$8.75  stop=$8.70  unrealized=$+5.22  shares=29  elapsed=7m
2026-05-12 08:51:30,097 [INFO] monitor: SOXS  price=$8.75  stop=$8.70  unrealized=$+5.22  shares=29  elapsed=7m
2026-05-12 08:51:31,159 [INFO] monitor: SOXS  price=$8.75  stop=$8.70  unrealized=$+5.19  shares=29  elapsed=7m
2026-05-12 08:51:32,231 [INFO] monitor: SOXS  price=$8.75  stop=$8.70  unrealized=$+5.22  shares=29  elapsed=7m
2026-05-12 08:51:33,304 [INFO] monitor: SOXS  price=$8.75  stop=$8.70  unrealized=$+5.16  shares=29  elapsed=7m
2026-05-12 08:51:34,365 [INFO] monitor: SOXS  price=$8.74  stop=$8.70  unrealized=$+5.08  shares=29  elapsed=7m
2026-05-12 08:51:35,434 [INFO] monitor: SOXS  price=$8.75  stop=$8.70  unrealized=$+5.22  shares=29  elapsed=7m
2026-05-12 08:51:36,500 [INFO] monitor: SOXS  price=$8.76  stop=$8.70  unrealized=$+5.37  shares=29  elapsed=7m
2026-05-12 08:51:37,562 [INFO] monitor: SOXS  price=$8.76  stop=$8.70  unrealized=$+5.51  shares=29  elapsed=7m
2026-05-12 08:51:38,623 [INFO] monitor: SOXS  price=$8.75  stop=$8.70  unrealized=$+5.22  shares=29  elapsed=7m
2026-05-12 08:51:39,689 [INFO] monitor: SOXS  price=$8.76  stop=$8.70  unrealized=$+5.51  shares=29  elapsed=7m
2026-05-12 08:51:40,754 [INFO] monitor: SOXS  price=$8.75  stop=$8.70  unrealized=$+5.24  shares=29  elapsed=7m
2026-05-12 08:51:41,815 [INFO] monitor: SOXS  price=$8.76  stop=$8.70  unrealized=$+5.51  shares=29  elapsed=7m
2026-05-12 08:51:42,879 [INFO] monitor: SOXS  price=$8.76  stop=$8.70  unrealized=$+5.37  shares=29  elapsed=7m
2026-05-12 08:51:43,942 [INFO] monitor: SOXS  price=$8.76  stop=$8.70  unrealized=$+5.51  shares=29  elapsed=8m
2026-05-12 08:51:45,010 [INFO] monitor: SOXS  price=$8.76  stop=$8.70  unrealized=$+5.51  shares=29  elapsed=8m
2026-05-12 08:51:46,072 [INFO] monitor: SOXS  price=$8.75  stop=$8.70  unrealized=$+5.22  shares=29  elapsed=8m
2026-05-12 08:51:47,134 [INFO] monitor: SOXS  price=$8.76  stop=$8.70  unrealized=$+5.37  shares=29  elapsed=8m
2026-05-12 08:51:48,197 [INFO] monitor: SOXS  price=$8.76  stop=$8.70  unrealized=$+5.37  shares=29  elapsed=8m
2026-05-12 08:51:49,266 [INFO] monitor: SOXS  price=$8.76  stop=$8.70  unrealized=$+5.37  shares=29  elapsed=8m
2026-05-12 08:51:50,329 [INFO] monitor: SOXS  price=$8.76  stop=$8.70  unrealized=$+5.37  shares=29  elapsed=8m
2026-05-12 08:51:51,393 [INFO] monitor: SOXS  price=$8.75  stop=$8.70  unrealized=$+5.22  shares=29  elapsed=8m
2026-05-12 08:51:52,453 [INFO] monitor: SOXS  price=$8.76  stop=$8.70  unrealized=$+5.51  shares=29  elapsed=8m
2026-05-12 08:51:53,518 [INFO] monitor: SOXS  price=$8.77  stop=$8.70  unrealized=$+5.66  shares=29  elapsed=8m
2026-05-12 08:51:54,585 [INFO] monitor: SOXS  price=$8.77  stop=$8.70  unrealized=$+5.66  shares=29  elapsed=8m
2026-05-12 08:51:55,649 [INFO] monitor: SOXS  price=$8.77  stop=$8.70  unrealized=$+5.80  shares=29  elapsed=8m
2026-05-12 08:51:56,723 [INFO] monitor: SOXS  price=$8.77  stop=$8.70  unrealized=$+5.66  shares=29  elapsed=8m
2026-05-12 08:51:57,847 [INFO] monitor: SOXS  price=$8.78  stop=$8.70  unrealized=$+6.09  shares=29  elapsed=8m
2026-05-12 08:51:58,917 [INFO] monitor: SOXS  price=$8.77  stop=$8.70  unrealized=$+5.80  shares=29  elapsed=8m
2026-05-12 08:52:00,000 [INFO] monitor: SOXS  price=$8.77  stop=$8.70  unrealized=$+5.86  shares=29  elapsed=8m
2026-05-12 08:52:01,257 [INFO] monitor: SOXS  price=$8.77  stop=$8.70  unrealized=$+5.80  shares=29  elapsed=8m
2026-05-12 08:52:02,333 [INFO] monitor: SOXS  price=$8.78  stop=$8.70  unrealized=$+5.95  shares=29  elapsed=8m
2026-05-12 08:52:03,417 [INFO] monitor: SOXS  price=$8.78  stop=$8.70  unrealized=$+5.95  shares=29  elapsed=8m
2026-05-12 08:52:04,493 [INFO] monitor: SOXS  price=$8.78  stop=$8.70  unrealized=$+5.95  shares=29  elapsed=8m
2026-05-12 08:52:05,591 [INFO] monitor: SOXS  price=$8.78  stop=$8.70  unrealized=$+5.95  shares=29  elapsed=8m
2026-05-12 08:52:06,656 [INFO] monitor: SOXS  price=$8.78  stop=$8.70  unrealized=$+6.07  shares=29  elapsed=8m
2026-05-12 08:52:07,728 [INFO] monitor: SOXS  price=$8.78  stop=$8.70  unrealized=$+5.95  shares=29  elapsed=8m
2026-05-12 08:52:08,809 [INFO] monitor: SOXS  price=$8.78  stop=$8.70  unrealized=$+6.01  shares=29  elapsed=8m
2026-05-12 08:52:09,879 [INFO] monitor: SOXS  price=$8.78  stop=$8.70  unrealized=$+5.95  shares=29  elapsed=8m
2026-05-12 08:52:10,946 [INFO] monitor: SOXS  price=$8.78  stop=$8.70  unrealized=$+6.09  shares=29  elapsed=8m
2026-05-12 08:52:12,017 [INFO] monitor: SOXS  price=$8.78  stop=$8.70  unrealized=$+6.09  shares=29  elapsed=8m
2026-05-12 08:52:13,082 [INFO] monitor: SOXS  price=$8.78  stop=$8.70  unrealized=$+5.95  shares=29  elapsed=8m
2026-05-12 08:52:14,159 [INFO] monitor: SOXS  price=$8.78  stop=$8.70  unrealized=$+5.97  shares=29  elapsed=8m
2026-05-12 08:52:15,227 [INFO] monitor: SOXS  price=$8.75  stop=$8.70  unrealized=$+5.22  shares=29  elapsed=8m
2026-05-12 08:52:16,292 [INFO] monitor: SOXS  price=$8.76  stop=$8.70  unrealized=$+5.50  shares=29  elapsed=8m
2026-05-12 08:52:17,357 [INFO] monitor: SOXS  price=$8.76  stop=$8.70  unrealized=$+5.50  shares=29  elapsed=8m
2026-05-12 08:52:18,433 [INFO] monitor: SOXS  price=$8.77  stop=$8.70  unrealized=$+5.80  shares=29  elapsed=8m
2026-05-12 08:52:19,496 [INFO] monitor: SOXS  price=$8.76  stop=$8.70  unrealized=$+5.51  shares=29  elapsed=8m
2026-05-12 08:52:20,561 [INFO] monitor: SOXS  price=$8.76  stop=$8.70  unrealized=$+5.49  shares=29  elapsed=8m
2026-05-12 08:52:21,623 [INFO] monitor: SOXS  price=$8.76  stop=$8.70  unrealized=$+5.49  shares=29  elapsed=8m
2026-05-12 08:52:22,753 [INFO] monitor: SOXS  price=$8.75  stop=$8.70  unrealized=$+5.22  shares=29  elapsed=8m
2026-05-12 08:52:23,815 [INFO] monitor: SOXS  price=$8.76  stop=$8.70  unrealized=$+5.39  shares=29  elapsed=8m
2026-05-12 08:52:24,881 [INFO] monitor: SOXS  price=$8.76  stop=$8.70  unrealized=$+5.37  shares=29  elapsed=8m
2026-05-12 08:52:25,944 [INFO] monitor: SOXS  price=$8.76  stop=$8.70  unrealized=$+5.43  shares=29  elapsed=8m
2026-05-12 08:52:27,005 [INFO] monitor: SOXS  price=$8.76  stop=$8.70  unrealized=$+5.37  shares=29  elapsed=8m
2026-05-12 08:52:28,067 [INFO] monitor: SOXS  price=$8.75  stop=$8.70  unrealized=$+5.25  shares=29  elapsed=8m
2026-05-12 08:52:29,155 [INFO] monitor: SOXS  price=$8.74  stop=$8.70  unrealized=$+4.93  shares=29  elapsed=8m
2026-05-12 08:52:30,224 [INFO] monitor: SOXS  price=$8.75  stop=$8.70  unrealized=$+5.26  shares=29  elapsed=8m
2026-05-12 08:52:31,286 [INFO] monitor: SOXS  price=$8.74  stop=$8.70  unrealized=$+4.93  shares=29  elapsed=8m
2026-05-12 08:52:32,348 [INFO] monitor: SOXS  price=$8.73  stop=$8.70  unrealized=$+4.71  shares=29  elapsed=8m
2026-05-12 08:52:33,411 [INFO] monitor: SOXS  price=$8.73  stop=$8.70  unrealized=$+4.64  shares=29  elapsed=8m
2026-05-12 08:52:34,474 [INFO] monitor: SOXS  price=$8.73  stop=$8.70  unrealized=$+4.79  shares=29  elapsed=8m
2026-05-12 08:52:35,540 [INFO] monitor: SOXS  price=$8.73  stop=$8.70  unrealized=$+4.79  shares=29  elapsed=8m
2026-05-12 08:52:36,602 [INFO] monitor: SOXS  price=$8.74  stop=$8.70  unrealized=$+4.93  shares=29  elapsed=8m
2026-05-12 08:52:37,670 [INFO] monitor: SOXS  price=$8.73  stop=$8.70  unrealized=$+4.64  shares=29  elapsed=8m
2026-05-12 08:52:38,736 [INFO] monitor: SOXS  price=$8.73  stop=$8.70  unrealized=$+4.79  shares=29  elapsed=8m
2026-05-12 08:52:39,804 [INFO] monitor: SOXS  price=$8.73  stop=$8.70  unrealized=$+4.64  shares=29  elapsed=8m
2026-05-12 08:52:40,868 [INFO] monitor: SOXS  price=$8.72  stop=$8.70  unrealized=$+4.50  shares=29  elapsed=8m
2026-05-12 08:52:41,946 [INFO] monitor: SOXS  price=$8.73  stop=$8.70  unrealized=$+4.79  shares=29  elapsed=8m
2026-05-12 08:52:43,024 [INFO] monitor: SOXS  price=$8.73  stop=$8.70  unrealized=$+4.79  shares=29  elapsed=8m
2026-05-12 08:52:44,087 [INFO] monitor: SOXS  price=$8.73  stop=$8.70  unrealized=$+4.79  shares=29  elapsed=9m
2026-05-12 08:52:45,150 [INFO] monitor: SOXS  price=$8.73  stop=$8.70  unrealized=$+4.71  shares=29  elapsed=9m
2026-05-12 08:52:46,214 [INFO] monitor: SOXS  price=$8.74  stop=$8.70  unrealized=$+4.95  shares=29  elapsed=9m
2026-05-12 08:52:47,282 [INFO] monitor: SOXS  price=$8.74  stop=$8.70  unrealized=$+5.08  shares=29  elapsed=9m
2026-05-12 08:52:48,352 [INFO] monitor: SOXS  price=$8.74  stop=$8.70  unrealized=$+5.08  shares=29  elapsed=9m
2026-05-12 08:52:49,424 [INFO] monitor: SOXS  price=$8.75  stop=$8.70  unrealized=$+5.22  shares=29  elapsed=9m
2026-05-12 08:52:50,505 [INFO] monitor: SOXS  price=$8.75  stop=$8.70  unrealized=$+5.22  shares=29  elapsed=9m
2026-05-12 08:52:51,568 [INFO] monitor: SOXS  price=$8.75  stop=$8.70  unrealized=$+5.22  shares=29  elapsed=9m
2026-05-12 08:52:52,631 [INFO] monitor: SOXS  price=$8.75  stop=$8.70  unrealized=$+5.26  shares=29  elapsed=9m
2026-05-12 08:52:53,692 [INFO] monitor: SOXS  price=$8.74  stop=$8.70  unrealized=$+5.08  shares=29  elapsed=9m
2026-05-12 08:52:54,763 [INFO] monitor: SOXS  price=$8.75  stop=$8.70  unrealized=$+5.22  shares=29  elapsed=9m
2026-05-12 08:52:55,840 [INFO] monitor: SOXS  price=$8.74  stop=$8.70  unrealized=$+4.93  shares=29  elapsed=9m
2026-05-12 08:52:56,903 [INFO] monitor: SOXS  price=$8.74  stop=$8.70  unrealized=$+5.08  shares=29  elapsed=9m
2026-05-12 08:52:57,964 [INFO] monitor: SOXS  price=$8.74  stop=$8.70  unrealized=$+5.08  shares=29  elapsed=9m
2026-05-12 08:52:59,033 [INFO] monitor: SOXS  price=$8.74  stop=$8.70  unrealized=$+5.08  shares=29  elapsed=9m
2026-05-12 08:53:00,102 [INFO] monitor: SOXS  price=$8.75  stop=$8.70  unrealized=$+5.21  shares=29  elapsed=9m
2026-05-12 08:53:01,248 [INFO] monitor: SOXS  price=$8.73  stop=$8.70  unrealized=$+4.79  shares=29  elapsed=9m
2026-05-12 08:53:02,312 [INFO] monitor: SOXS  price=$8.73  stop=$8.70  unrealized=$+4.64  shares=29  elapsed=9m
2026-05-12 08:53:03,407 [INFO] monitor: SOXS  price=$8.73  stop=$8.70  unrealized=$+4.64  shares=29  elapsed=9m
2026-05-12 08:53:04,473 [INFO] monitor: SOXS  price=$8.74  stop=$8.70  unrealized=$+4.92  shares=29  elapsed=9m
2026-05-12 08:53:05,537 [INFO] monitor: SOXS  price=$8.74  stop=$8.70  unrealized=$+4.95  shares=29  elapsed=9m
2026-05-12 08:53:06,607 [INFO] monitor: SOXS  price=$8.76  stop=$8.70  unrealized=$+5.51  shares=29  elapsed=9m
2026-05-12 08:53:07,679 [INFO] monitor: SOXS  price=$8.75  stop=$8.70  unrealized=$+5.22  shares=29  elapsed=9m
2026-05-12 08:53:08,743 [INFO] monitor: SOXS  price=$8.74  stop=$8.70  unrealized=$+4.93  shares=29  elapsed=9m
2026-05-12 08:53:09,806 [INFO] monitor: SOXS  price=$8.75  stop=$8.70  unrealized=$+5.22  shares=29  elapsed=9m
2026-05-12 08:53:10,871 [INFO] monitor: SOXS  price=$8.74  stop=$8.70  unrealized=$+5.08  shares=29  elapsed=9m
2026-05-12 08:53:11,941 [INFO] monitor: SOXS  price=$8.74  stop=$8.70  unrealized=$+4.93  shares=29  elapsed=9m
2026-05-12 08:53:13,005 [INFO] monitor: SOXS  price=$8.74  stop=$8.70  unrealized=$+5.08  shares=29  elapsed=9m
2026-05-12 08:53:14,070 [INFO] monitor: SOXS  price=$8.74  stop=$8.70  unrealized=$+4.93  shares=29  elapsed=9m
2026-05-12 08:53:15,138 [INFO] monitor: SOXS  price=$8.74  stop=$8.70  unrealized=$+4.93  shares=29  elapsed=9m
2026-05-12 08:53:16,203 [INFO] monitor: SOXS  price=$8.73  stop=$8.70  unrealized=$+4.64  shares=29  elapsed=9m
2026-05-12 08:53:17,272 [INFO] monitor: SOXS  price=$8.72  stop=$8.70  unrealized=$+4.36  shares=29  elapsed=9m
2026-05-12 08:53:18,347 [INFO] monitor: SOXS  price=$8.73  stop=$8.70  unrealized=$+4.64  shares=29  elapsed=9m
2026-05-12 08:53:19,413 [INFO] monitor: SOXS  price=$8.72  stop=$8.70  unrealized=$+4.35  shares=29  elapsed=9m
2026-05-12 08:53:20,491 [INFO] monitor: SOXS  price=$8.72  stop=$8.70  unrealized=$+4.50  shares=29  elapsed=9m
2026-05-12 08:53:21,554 [INFO] monitor: SOXS  price=$8.72  stop=$8.70  unrealized=$+4.50  shares=29  elapsed=9m
2026-05-12 08:53:22,617 [INFO] monitor: SOXS  price=$8.71  stop=$8.70  unrealized=$+4.21  shares=29  elapsed=9m
2026-05-12 08:53:23,694 [INFO] monitor: SOXS  price=$8.71  stop=$8.70  unrealized=$+4.21  shares=29  elapsed=9m
2026-05-12 08:53:24,762 [INFO] monitor: SOXS  price=$8.71  stop=$8.70  unrealized=$+4.21  shares=29  elapsed=9m
2026-05-12 08:53:25,833 [INFO] monitor: SOXS  price=$8.72  stop=$8.70  unrealized=$+4.37  shares=29  elapsed=9m
2026-05-12 08:53:26,898 [INFO] monitor: SOXS  price=$8.72  stop=$8.70  unrealized=$+4.36  shares=29  elapsed=9m
2026-05-12 08:53:27,962 [INFO] monitor: SOXS  price=$8.73  stop=$8.70  unrealized=$+4.64  shares=29  elapsed=9m
2026-05-12 08:53:29,026 [INFO] monitor: SOXS  price=$8.72  stop=$8.70  unrealized=$+4.50  shares=29  elapsed=9m
2026-05-12 08:53:30,085 [INFO] monitor: SOXS  price=$8.73  stop=$8.70  unrealized=$+4.64  shares=29  elapsed=9m
2026-05-12 08:53:31,150 [INFO] monitor: SOXS  price=$8.74  stop=$8.70  unrealized=$+4.90  shares=29  elapsed=9m
2026-05-12 08:53:32,217 [INFO] monitor: SOXS  price=$8.73  stop=$8.70  unrealized=$+4.64  shares=29  elapsed=9m
2026-05-12 08:53:33,282 [INFO] monitor: SOXS  price=$8.73  stop=$8.70  unrealized=$+4.79  shares=29  elapsed=9m
2026-05-12 08:53:34,346 [INFO] monitor: SOXS  price=$8.73  stop=$8.70  unrealized=$+4.64  shares=29  elapsed=9m
2026-05-12 08:53:35,415 [INFO] monitor: SOXS  price=$8.73  stop=$8.70  unrealized=$+4.79  shares=29  elapsed=9m
2026-05-12 08:53:36,477 [INFO] monitor: SOXS  price=$8.73  stop=$8.70  unrealized=$+4.64  shares=29  elapsed=9m
2026-05-12 08:53:37,536 [INFO] monitor: SOXS  price=$8.73  stop=$8.70  unrealized=$+4.79  shares=29  elapsed=9m
2026-05-12 08:53:38,600 [INFO] monitor: SOXS  price=$8.73  stop=$8.70  unrealized=$+4.79  shares=29  elapsed=9m
2026-05-12 08:53:39,686 [INFO] monitor: SOXS  price=$8.72  stop=$8.70  unrealized=$+4.50  shares=29  elapsed=9m
2026-05-12 08:53:40,745 [INFO] monitor: SOXS  price=$8.72  stop=$8.70  unrealized=$+4.35  shares=29  elapsed=9m
2026-05-12 08:53:41,810 [INFO] monitor: SOXS  price=$8.73  stop=$8.70  unrealized=$+4.64  shares=29  elapsed=9m
2026-05-12 08:53:42,871 [INFO] monitor: SOXS  price=$8.72  stop=$8.70  unrealized=$+4.35  shares=29  elapsed=9m
2026-05-12 08:53:43,942 [INFO] monitor: SOXS  price=$8.72  stop=$8.70  unrealized=$+4.34  shares=29  elapsed=10m
2026-05-12 08:53:45,010 [INFO] monitor: SOXS  price=$8.72  stop=$8.70  unrealized=$+4.34  shares=29  elapsed=10m
2026-05-12 08:53:46,076 [INFO] monitor: SOXS  price=$8.72  stop=$8.70  unrealized=$+4.35  shares=29  elapsed=10m
2026-05-12 08:53:47,147 [INFO] monitor: SOXS  price=$8.72  stop=$8.70  unrealized=$+4.35  shares=29  elapsed=10m
2026-05-12 08:53:48,211 [INFO] monitor: SOXS  price=$8.71  stop=$8.70  unrealized=$+4.06  shares=29  elapsed=10m
2026-05-12 08:53:49,272 [INFO] monitor: SOXS  price=$8.72  stop=$8.70  unrealized=$+4.35  shares=29  elapsed=10m
2026-05-12 08:53:50,338 [INFO] monitor: SOXS  price=$8.72  stop=$8.70  unrealized=$+4.31  shares=29  elapsed=10m
2026-05-12 08:53:51,406 [INFO] monitor: SOXS  price=$8.71  stop=$8.70  unrealized=$+4.21  shares=29  elapsed=10m
2026-05-12 08:53:52,473 [INFO] monitor: SOXS  price=$8.70  stop=$8.70  unrealized=$+3.78  shares=29  elapsed=10m
2026-05-12 08:53:53,551 [INFO] monitor: SOXS  price=$8.70  stop=$8.70  unrealized=$+3.77  shares=29  elapsed=10m
2026-05-12 08:53:54,612 [INFO] monitor: SOXS  price=$8.69  stop=$8.70  unrealized=$+3.48  shares=29  elapsed=10m
2026-05-12 08:53:54,613 [WARNING] monitor: SOXS: stop hit  price=$8.69  stop=$8.70 — closing 29 shares
2026-05-12 08:53:54,678 [INFO] alpaca_client: Market order submitted: sell 29 SOXS — id=e5314025-f159-41e2-8b1b-abf165e590ef
2026-05-12 08:53:54,769 [INFO] trade_logger: EXIT   SOXS    $8.71  reason=stop_loss               PnL=$+4.06 (+1.6%)
2026-05-12 09:48:56,354 [INFO] run_bot: Paper account  equity=$99911.43  buying_power=$399782.84
2026-05-12 09:48:56,355 [WARNING] run_bot: === Skipping premarket filters for SOXS ===
2026-05-12 09:48:56,920 [WARNING] run_bot: --skip-entry-signal active — bypassing momentum check
2026-05-12 09:48:56,975 [INFO] run_bot: SOXS: entry signal confirmed — skip_entry_signal_flag
2026-05-12 09:48:56,976 [INFO] run_bot: Position sizing  shares=54  entry=$9.21  stop=$9.12  risk=$5.40  value=$497.61
2026-05-12 09:48:57,090 [INFO] alpaca_client: Limit order submitted: buy 54 SOXS @ $9.32 — id=b1929af1-00ee-45a8-83f0-d66ad5e4f96b
2026-05-12 09:48:57,090 [INFO] run_bot: Entry limit order submitted: id=b1929af1-00ee-45a8-83f0-d66ad5e4f96b  limit=$9.32
2026-05-12 09:48:58,197 [INFO] run_bot: Entry order filled: id=b1929af1-00ee-45a8-83f0-d66ad5e4f96b
2026-05-12 09:48:58,197 [INFO] run_bot: Managing stops manually for SOXS — initial stop=$9.12, trail=candle-low
2026-05-12 09:48:58,207 [INFO] trade_logger: ENTRY  SOXS    $9.21 × 54  stop=$9.12
2026-05-12 09:48:58,210 [INFO] monitor: Monitoring SOXS | entry=$9.21  stop=$9.12  trail=candle-low  max_hold=120m
2026-05-12 09:48:58,262 [INFO] monitor: SOXS: targets  T1=$9.31 (1:1, sell 50%)  T2=$9.47 (before $9.50 psych, sell 25%)  T3=candle closes below 9-EMA
2026-05-12 09:48:58,314 [INFO] monitor: SOXS  price=$9.21  stop=$9.12  unrealized=$-0.44  shares=54  elapsed=0m
2026-05-12 09:48:59,471 [INFO] monitor: SOXS  price=$9.22  stop=$9.12  unrealized=$+0.27  shares=54  elapsed=0m
2026-05-12 09:49:00,532 [INFO] monitor: SOXS  price=$9.22  stop=$9.12  unrealized=$+0.27  shares=54  elapsed=0m
2026-05-12 09:49:01,665 [INFO] monitor: SOXS  price=$9.23  stop=$9.12  unrealized=$+0.43  shares=54  elapsed=0m
2026-05-12 09:49:02,721 [INFO] monitor: SOXS  price=$9.22  stop=$9.12  unrealized=$+0.01  shares=54  elapsed=0m
2026-05-12 09:49:03,777 [INFO] monitor: SOXS  price=$9.22  stop=$9.12  unrealized=$+0.27  shares=54  elapsed=0m
2026-05-12 09:49:04,832 [INFO] monitor: SOXS  price=$9.23  stop=$9.12  unrealized=$+0.81  shares=54  elapsed=0m
2026-05-12 09:49:05,890 [INFO] monitor: SOXS  price=$9.24  stop=$9.12  unrealized=$+1.06  shares=54  elapsed=0m
2026-05-12 09:49:06,942 [INFO] monitor: SOXS  price=$9.24  stop=$9.12  unrealized=$+1.08  shares=54  elapsed=0m
2026-05-12 09:49:08,019 [INFO] monitor: SOXS  price=$9.24  stop=$9.12  unrealized=$+1.08  shares=54  elapsed=0m
2026-05-12 09:49:09,081 [INFO] monitor: SOXS  price=$9.24  stop=$9.12  unrealized=$+0.92  shares=54  elapsed=0m
2026-05-12 09:49:10,137 [INFO] monitor: SOXS  price=$9.23  stop=$9.12  unrealized=$+0.81  shares=54  elapsed=0m
2026-05-12 09:49:11,192 [INFO] monitor: SOXS  price=$9.23  stop=$9.12  unrealized=$+0.81  shares=54  elapsed=0m
2026-05-12 09:49:12,253 [INFO] monitor: SOXS  price=$9.23  stop=$9.12  unrealized=$+0.55  shares=54  elapsed=0m
2026-05-12 09:49:13,307 [INFO] monitor: SOXS  price=$9.23  stop=$9.12  unrealized=$+0.55  shares=54  elapsed=0m
2026-05-12 09:49:14,365 [INFO] monitor: SOXS  price=$9.23  stop=$9.12  unrealized=$+0.54  shares=54  elapsed=0m
2026-05-12 09:49:15,420 [INFO] monitor: SOXS  price=$9.22  stop=$9.12  unrealized=$+0.04  shares=54  elapsed=0m
2026-05-12 09:49:16,479 [INFO] monitor: SOXS  price=$9.22  stop=$9.12  unrealized=$+0.27  shares=54  elapsed=0m
2026-05-12 09:49:17,538 [INFO] monitor: SOXS  price=$9.23  stop=$9.12  unrealized=$+0.54  shares=54  elapsed=0m
2026-05-12 09:49:18,593 [INFO] monitor: SOXS  price=$9.23  stop=$9.12  unrealized=$+0.54  shares=54  elapsed=0m
2026-05-12 09:49:19,654 [INFO] monitor: SOXS  price=$9.23  stop=$9.12  unrealized=$+0.58  shares=54  elapsed=0m
2026-05-12 09:49:20,705 [INFO] monitor: SOXS  price=$9.23  stop=$9.12  unrealized=$+0.81  shares=54  elapsed=0m
2026-05-12 09:49:21,759 [INFO] monitor: SOXS  price=$9.23  stop=$9.12  unrealized=$+0.81  shares=54  elapsed=0m
2026-05-12 09:49:22,816 [INFO] monitor: SOXS  price=$9.24  stop=$9.12  unrealized=$+1.08  shares=54  elapsed=0m
2026-05-12 09:49:23,873 [INFO] monitor: SOXS  price=$9.23  stop=$9.12  unrealized=$+0.81  shares=54  elapsed=0m
2026-05-12 09:49:24,938 [INFO] monitor: SOXS  price=$9.24  stop=$9.12  unrealized=$+1.08  shares=54  elapsed=0m
2026-05-12 09:49:26,035 [INFO] monitor: SOXS  price=$9.24  stop=$9.12  unrealized=$+1.08  shares=54  elapsed=0m
2026-05-12 09:49:27,087 [INFO] monitor: SOXS  price=$9.24  stop=$9.12  unrealized=$+1.07  shares=54  elapsed=0m
2026-05-12 09:49:28,146 [INFO] monitor: SOXS  price=$9.24  stop=$9.12  unrealized=$+1.07  shares=54  elapsed=0m
2026-05-12 09:49:29,200 [INFO] monitor: SOXS  price=$9.23  stop=$9.12  unrealized=$+0.81  shares=54  elapsed=1m
2026-05-12 09:49:30,255 [INFO] monitor: SOXS  price=$9.24  stop=$9.12  unrealized=$+1.07  shares=54  elapsed=1m
2026-05-12 09:49:31,340 [INFO] monitor: SOXS  price=$9.24  stop=$9.12  unrealized=$+1.07  shares=54  elapsed=1m
2026-05-12 09:49:32,402 [INFO] monitor: SOXS  price=$9.25  stop=$9.12  unrealized=$+1.54  shares=54  elapsed=1m
2026-05-12 09:49:33,455 [INFO] monitor: SOXS  price=$9.26  stop=$9.12  unrealized=$+2.15  shares=54  elapsed=1m
2026-05-12 09:49:34,509 [INFO] monitor: SOXS  price=$9.26  stop=$9.12  unrealized=$+1.89  shares=54  elapsed=1m
2026-05-12 09:49:35,566 [INFO] monitor: SOXS  price=$9.26  stop=$9.12  unrealized=$+1.89  shares=54  elapsed=1m
2026-05-12 09:49:36,621 [INFO] monitor: SOXS  price=$9.25  stop=$9.12  unrealized=$+1.62  shares=54  elapsed=1m
2026-05-12 09:49:37,673 [INFO] monitor: SOXS  price=$9.24  stop=$9.12  unrealized=$+1.08  shares=54  elapsed=1m
2026-05-12 09:49:38,726 [INFO] monitor: SOXS  price=$9.24  stop=$9.12  unrealized=$+1.35  shares=54  elapsed=1m
2026-05-12 09:49:39,779 [INFO] monitor: SOXS  price=$9.24  stop=$9.12  unrealized=$+1.35  shares=54  elapsed=1m
2026-05-12 09:49:40,833 [INFO] monitor: SOXS  price=$9.24  stop=$9.12  unrealized=$+1.35  shares=54  elapsed=1m
2026-05-12 09:49:41,886 [INFO] monitor: SOXS  price=$9.25  stop=$9.12  unrealized=$+1.61  shares=54  elapsed=1m
2026-05-12 09:49:42,939 [INFO] monitor: SOXS  price=$9.24  stop=$9.12  unrealized=$+1.35  shares=54  elapsed=1m
2026-05-12 09:49:44,001 [INFO] monitor: SOXS  price=$9.25  stop=$9.12  unrealized=$+1.49  shares=54  elapsed=1m
2026-05-12 09:49:45,058 [INFO] monitor: SOXS  price=$9.26  stop=$9.12  unrealized=$+1.89  shares=54  elapsed=1m
2026-05-12 09:49:46,119 [INFO] monitor: SOXS  price=$9.25  stop=$9.12  unrealized=$+1.63  shares=54  elapsed=1m
2026-05-12 09:49:46,773 [INFO] run_bot: Interrupted — closing SOXS
2026-05-12 09:49:46,951 [INFO] alpaca_client: Limit order submitted: sell 54 SOXS @ $9.14 — id=3ff37ac1-3de4-46f0-832f-da70c593bd77
2026-05-12 09:49:47,024 [INFO] trade_logger: EXIT   SOXS    $9.24  reason=manual_interrupt        PnL=$+1.62 (+0.3%)
